Venue Name,Sport(s),Address,Suburb/City,State,Postcode,Booking URL,Description,Amenities
Clifton Hill Tennis Club – Pickleball Sessions,"pickleball, tennis","2 Hoddle St, Clifton Hill VIC",Abbotsford,VIC,,https://play.tennis.com.au/MayorsParkTennisCentre/Coaching/Summary/2801e695-f0a4-4fe1-92ba-ef17cd2faf74,Weekly social pickleball sessions on outdoor hard courts; equipment available; visitor bookings welcomed.,
Essendon Tennis Club,tennis,"Clifton Park Reserve, Batman St, Essendon VIC 3040",Aberfeldie,VIC,,https://play.tennis.com.au/court-hire/EssendonTennisClub,10 courts; lights; BBQ; function room,
Super Futsal (Acacia Ridge),futsal,"1391 Beaudesert Rd, Acacia Ridge QLD 4110",Acacia Ridge,QLD,,https://www.superfutsal.com.au/court-hiring,Dedicated futsal venue; social leagues; 9am-10pm daily,
Airport West Tennis Club,tennis,"5 Olive Grove, Airport West VIC",Airport West,,,play.tennis.com.au/airportwesttennisclub/booking/bookbydate,4 synthetic + 2 plexicushion courts; public court hire with keypad access and lights.,
Albert Park Tennis & Pickleball Centre (Hockey Drive),"pickleball, tennis","Hockey Dr (off Fitzroy St), Albert Park VIC",Albert Park,VIC,,https://www.tennisvenues.com.au/,12 synthetic grass courts (with lights) available Oct–Mar; casual hire and coaching; near MSAC.,
Melbourne Sports & Aquatic Centre (MSAC) – Stadium Courts,"futsal, soccer","30 Aughtie Dr, Albert Park VIC",Albert Park,VIC,,https://statesportcentres.com.au/facility-hire/casual-availability-bookings/,10 indoor multipurpose courts (timber); casual hire online; locker rooms; café; spectator seating.,
Albion Tennis Club (Selwyn Park),tennis,"62 Selwyn St (Selwyn Park), Albion VIC",Albion,,,play.tennis.com.au/AlbionTennisClub,Local club at Selwyn Park offering casual Book a Court access.,
Alexandria Oval,soccer,"Buckland Street, Alexandria NSW 2015",Alexandria,,,https://www.cityofsydney.nsw.gov.au/sports-facility-booking-services/book-sports-field,Traditional oval configuration,"Grass field, pavilion"
City Community Tennis - Alexandria Park,tennis,"Park Road, Alexandria NSW 2015",Alexandria,,,https://www.citycommunitytennis.com.au/locations,"Council-managed courts, online booking with PIN access","4 hard courts, floodlights, PIN access"
Perry Park Recreation Centre,"futsal, pickleball","1B Maddox Street, Alexandria NSW 2015",Alexandria,,,https://www.badmintoncourt.au/sydney/venue/perry-park-recreation-centre,Regular pickleball sessions Mon/Wed 11am-1pm,"4 multipurpose indoor courts, equipment provided"
Play Pickle Alexandria,pickleball,"Alexandria Park Community School, Alexandria NSW 2015",Alexandria,,,https://www.playpickle.com.au/locations,Beginner-friendly sessions available,"Indoor courts, equipment provided"
Sports Parc (Alexandria) – Pickleball,pickleball,"75 O’Riordan St, Alexandria NSW 2015",Alexandria,NSW,,https://sportsparc.com.au/court-hire,Sports Parc is available for private use! Court Hire is available for indoor soccer or netball courts.,
Sydney Park,soccer,"Sydney Park Road, Alexandria NSW 2015",Alexandria,,,https://www.cityofsydney.nsw.gov.au/sports-facility-booking-services/book-sports-field,Large urban park,"Multiple fields, wetlands, cycling track"
Laverton Park Tennis Club,tennis,"Merton St (Laverton Park), Altona Meadows VIC",Altona Meadows,,,play.tennis.com.au/court-hire/LavertonParkTennisClub,Council venue with public online bookings; lights available.,
Westgate Indoor Sports,"futsal, soccer","Cnr Grieve Pde & Dohertys Rd, Altona North VIC",Altona North,VIC,,https://westgateindoorsports.com.au/,4 large indoor courts with netted walls; futsal and indoor soccer; equipment provided; licensed café.,
Federal Park,soccer,"Chapman Road, Annandale NSW 2038",Annandale,,,https://www.cityofsydney.nsw.gov.au/sports-facility-booking-services/book-sports-field,Community sports ground,"Grass field, playground adjacent"
Malvern Tennis Centre,tennis,"43A Union St, Armadale VIC 3143",Armadale,VIC,,https://www.tennisvenues.com.au/booking/malvern-tc,5 synthetic grass courts with lights; on‑site pro shop; public bookings.,
Malvern Tennis Centre (Stonnington),tennis,"43A Union St, Armadale VIC 3143",Armadale,VIC,,https://www.netsports.com.au/book-a-court,5 synthetic grass courts; lights; café; playground adjacent,
Ascot Vale Tennis Club (Riverside Tennis Courts),tennis,"Newsom St (Riverside Park), Ascot Vale VIC",Ascot Vale,,,play.tennis.com.au/riversidetenniscourts,13 upgraded hard courts at Riverside; public bookings via Book a Court.,
Avondale Heights Tennis Club,tennis,"1A Cornwall St (Doyle St Reserve), Avondale Heights VIC",Avondale Heights,,,play.tennis.com.au/AvondaleHeightsTennisClub/booking/bookbydate,Six outdoor courts; casual court hire available online.,
Easton Park,soccer,"Grove Street, Balmain NSW 2041",Balmain,,,https://www.facebook.com/innerwestcouncil/posts/a-beautiful-weekend-for-a-fantastic-park-opening️on-saturday-we-celebrated-the-o/776598627256527/,Local Balmain ground,"Small field, playground"
Gladstone Park,soccer,"Darling Street, Balmain NSW 2041",Balmain,,,https://www.facebook.com/GladstoneParkBowlingClub/,Waterfront location,"Small field, harbour views"
Balwyn Park Public Courts,tennis,"206A Whitehorse Rd, Balwyn VIC",Balwyn,,,play.tennis.com.au/court-hire/BalwynParkTennisClub,Council park tennis facility operated by Balwyn Park TC; public online bookings.,
Balwyn Park Tennis Club,tennis,"206A Whitehorse Rd, Balwyn VIC",Balwyn,,,play.tennis.com.au/court-hire/BalwynParkTennisClub,Modern four-court facility at Balwyn Park; public court hire online.,
Football Queensland - Nudgee Recreation Reserve,soccer,"290 Elliott Rd, Nudgee QLD 4014",Banyo,QLD,,https://footballqueensland.com.au/facilities/,6 football fields; 'Book Now' for field hire,
Hensley Athletic Field,soccer,"Dunc Gray Velodrome, Bass Hill NSW 2197",Bass Hill,,,https://bayside.bookable.net.au/venues/26/hensley-sports-field,Olympic legacy venue,"Synthetic field, athletics track, lighting"
City of Bayswater - The Rise,futsal,Bayswater WA,Bayswater WA,,,https://bayswaterrec.wa.gov.au/the-rise/social-sports-court-hire/,"Sports courts available for hire; suitable for futsal, basketball, netball, soccer; contact 9208 2400 for booking",
City of Bayswater - The Rise (Pickleball),pickleball,Bayswater WA,Bayswater WA,,,https://bayswaterrec.wa.gov.au/the-rise/social-sports-court-hire/,Social Pickleball program; $10.30-$12.90/session; 10-visit pass available; TeamReach booking; AM and PM sessions,
City Community Tennis - Beaconsfield Park,tennis,"York Road, Beaconsfield NSW 2015",Beaconsfield,,,https://www.citycommunitytennis.com.au/locations,"PIN access system, suitable for all skill levels","2 hard courts, floodlights"
Cooper Park Tennis,tennis,"Bellevue Rd, Bellevue Hill NSW 2023",Bellevue Hill,NSW,,https://cooperparktennis.com.au/book-a-court,Lights; shop,
Belmont Oval,soccer,Belmont WA,Belmont WA,,,https://www.spacetoco.com/space/belmont-oval,Two full size ovals; soccer goals; lighting available for additional cost; winter season use,
Bendigo Regional Tennis Centre,tennis,"21–26 Nolan St, Bendigo VIC 3550",Bendigo,VIC,,https://play.tennis.com.au/court-hire/BendigoTennisComplex,Extensive hard courts; café; function spaces,
Bendigo Regional Tennis Centre,tennis,"21 Nolan St, Bendigo VIC 3550",Bendigo,VIC,,https://play.tennis.com.au/BendigoRegionalTennisCentre,12 hard courts with lights; clubhouse with café/bar; overlooks Lake Weeroona; public bookings.,
PicklePlay (Bentleigh East),pickleball,"1 South Drive (Kingston Centre), Bentleigh East VIC",Bentleigh East,VIC,,https://www.pickleplay.com.au,Large indoor facility with 8 courts; all-day sessions; amenities incl. saunas; cold plunge; lounge.,
Glenorchy City Tennis Club,tennis,"8 Alcorso Drive, Berriedale TAS 7011",Berriedale,,,https://play.tennis.com.au/GlenorchyCityTennisClub/booking/bookbydate,Online Book a Court; 6 synthetic grass courts with LED lights.,"6 synthetic grass, LED lights, clubhouse"
Bexley Tennis Courts,tennis,"369E Bexley Rd, Bexley NSW 2207",Bexley,NSW,,https://www.tennisvenues.com.au/booking/bexley-tennis-courts,Synthetic courts; pro shop,
Illawarra Tennis Centre (Rockdale),tennis,"89A Wolseley St, Bexley NSW 2207",Bexley,NSW,,https://www.tennisvenues.com.au/booking/rockdale-tc,18 courts; change rooms; bathrooms,
Birchgrove Oval,soccer,"Birchgrove Road, Birchgrove NSW 2041",Birchgrove,,,https://www.innerwest.nsw.gov.au/birchgrove-oval,Waterfront sporting ground,"Grass field, harbour views"
Birchgrove Tennis Centre,tennis,"Cnr Louisa Rd & Rose St, Birchgrove NSW 2041",Birchgrove,NSW,,https://play.tennis.com.au/birchgrovetenniscentre/Booking/BookByDate,6 courts; clubhouse; BBQ,
Birchgrove Tennis Club,tennis,"Louisa Road, Birchgrove NSW 2041",Birchgrove,,,https://www.birchgrovetennis.com.au/,Waterfront location,"4 synthetic grass courts, harbour views"
Blackburn Tennis Club (Morton Park),tennis,"Cnr Central Rd & Blackburn Rd (Morton Park), Blackburn VIC",Blackburn,,,tennisvenues.com.au/venue/blackburn-vic-tc,Community club with lit porous courts; public hire available (contact or online).,
Nunawading Tennis Club,tennis,"6 Lane St (Nicoll Park), Blackburn North VIC",Blackburn North,,,play.tennis.com.au/nunawadingtennisclub/booking/bookbydate,Seven-court club offering online casual court hire for visitors.,
Sherburd Oval,soccer,"1 Brightwater Rd, Blackmans Bay TAS 7052",Blackmans Bay,TAS,,https://www.kingborough.tas.gov.au/recreation-facilities/sports-grounds/,Council oval; bookings via Kingborough Council application.,
Margaret Whitlam Recreation Centre,pickleball,"41 Flood Street, Bondi NSW 2026",Bondi,,,https://www.waverley.nsw.gov.au/recreation/sports_fields/margaret_whitlam_recreation_centre,Eastern Suburbs council facility,"Multi-purpose indoor courts, changerooms, parking"
Miller Park Tennis Club,tennis,"Cnr Mountain Hwy & Liverpool Rd, Boronia VIC 3155",Boronia,VIC,,https://play.tennis.com.au/MillerParkTennisClub,"6 courts (3 clay, 3 hard); lights; nestled in a park reserve; public bookings.",
Club Marconi – Pickleball,pickleball,"121–133 Prairie Vale Rd, Bossley Park NSW 2176",Bossley Park,NSW,,https://www.tennisvenues.com.au/booking/marconi-tennis-academy,Social pickleball on tennis courts; book/enquire online,
Club Marconi Synthetic Fields,soccer,"121 Prairie Vale Road, Bossley Park NSW 2176",Bossley Park,,,https://www.clubmarconi.com.au/field-hire,Professional standard facilities,"2 FIFA-approved synthetic fields, lighting"
All Things Pickleball - Joondalup,pickleball,"Bouncer Sports Centre, Joondalup WA",Bouncer Sports Centre,,,https://allthingspickleball.com.au/pickleball-perth-venues/,Indoor courts; winter season; $15 for indoor sessions; equipment provided; check website for current season dates,
Action Indoor Sports – Box Hill,"futsal, soccer","9 Leslie St, Box Hill VIC",Box Hill,,,https://www.actionindoorsports.com.au/,Multi-sport indoor centre; futsal; cricket; netball; casual court hire; change rooms and vending.,
Bracken Ridge Tennis Centre,tennis,"337 Bracken Ridge Rd, Bracken Ridge QLD 4017",Bracken Ridge,QLD,,https://www.lifetimetennis.com.au/court-hire,Courts with lights; LifeTime Tennis centre; online booking via Book a Court (Mindbody),
Elsternwick Park Tennis & Pickleball Centre,"pickleball, tennis","464 St Kilda St, Brighton VIC",Brighton,VIC,,https://www.bayside.vic.gov.au/,Dual-sport facility; floodlit outdoor courts; pickleball socials and clinics scheduled on certain nights.,
Brooklyn Tennis Club,tennis,"Cypress Ave, Brooklyn VIC 3012",Brooklyn,VIC,,https://play.tennis.com.au/brooklyntennisclub/booking/bookbydate,4 acrylic hard courts; lights; clubhouse,
KIKOFF Harbord (Brookvale),soccer,"187 Harbord Rd, Brookvale NSW 2100",Brookvale,NSW,,https://kikoff.com.au/5-aside-football-pitches/,All‑weather turf; lights,
Futsal Oz – Brunswick,futsal,"407–409 Victoria St, Brunswick VIC",Brunswick,VIC,,https://futsaloz.com/,Premier futsal stadium; 4 indoor courts with rebound walls; social leagues; casual hire; café and change rooms.,
Boroondara Tennis Centre,tennis,"150 Bulleen Rd, Balwyn North VIC",Bulleen,VIC,,https://www.boroondaratenniscentre.com.au/,23 floodlit courts; café; pro shop; change rooms.,
Home of the Matildas – State Football Centre,soccer,"La Trobe Sports Precinct (Sports Dr), Bundoora VIC",Bundoora,VIC,,https://www.footballvictoria.com.au/,World-class facility with 5 elite pitches; available for community/corporate hire when not in team use.,
La Trobe Sports Stadium (Bundoora),"futsal, soccer","La Trobe Sports Park, Plenty Rd, Bundoora VIC",Bundoora,,,latrobe.edu.au/sport/facilities/bundoora-sports-facilities/la-trobe-sports-park/la-trobe-sports-stadium,Six brand‑new indoor courts with futsal/indoor soccer bookings; casual court hire available.,
RMIT Sports Centre (Bundoora) – Outdoor Futsal Pitches,futsal,"203 McKimmies Rd (RMIT Bundoora), Bundoora VIC",Bundoora,,,rmit.edu.au/about/our-locations-and-facilities/facilities/rmit-sports-centre/precinct-facilities,Three outdoor synthetic futsal pitches with lights; community hire available via RMIT Sport.,
Swing & Serve,pickleball,"906 Plenty Rd (Bundoora Park), Bundoora VIC",Bundoora,VIC,,https://swingandserve.com.au,Leisure venue with outdoor pickleball courts; court hire (~$45/hr); beer garden; mini-golf and golf simulator.,
Burnie Tennis Club (North West Regional Tennis Centre),tennis,"2 Eastwood Drive, Burnie TAS 7320",Burnie,,,https://play.tennis.com.au/BurnieTennisClub/court-hire/book-by-date,14-court regional centre; online court hire available.,"12 hard, 4 artificial grass, lights, bar/function space"
State Tennis Centre,tennis,"282 Victoria Park Drive, Burswood WA 6100",Burswood,WA,,https://play.tennis.com.au/StateTennisCentre,12 hard courts individually lit; contactless Book a Court system; 5 minutes from Perth CBD; ample parking,
Burwood Tennis Courts,tennis,"Burwood Park, Burwood NSW 2134",Burwood,,,https://www.burwood.nsw.gov.au/tennis,Council courts in park setting,"4 hard courts, lighting"
Cambridge New Soccer Ground,soccer,"Cambridge Rd, Cambridge TAS 7170",Cambridge,TAS,,https://www.ccc.tas.gov.au/explore/sportsgrounds-for-hire/,Council soccer ground; apply via council page.,
Camellia Indoor Sports Centre,"futsal, pickleball","Grand Avenue, Camellia NSW 2142",Camellia,,,https://www.cityofparramatta.nsw.gov.au/camellia-indoor,Western Sydney facility,"Indoor courts, cafe, parking"
Camperdown Memorial Rest Park,soccer,"Federation Road, Camperdown NSW 2050",Camperdown,,,https://www.cityofsydney.nsw.gov.au/sports-facility-booking-services/book-sports-field,Local community ground,"Small field, playground"
Victoria Park,soccer,"City Road, Camperdown NSW 2050",Camperdown,,,https://www.cityofsydney.nsw.gov.au/sports-facility-booking-services/book-sports-field,University of Sydney adjacent,"Large fields, pool, lake"
Super Futsal (Carina),futsal,"150 Fursden Rd, Carina QLD 4152",Carina,QLD,,https://www.superfutsal.com.au/court-hiring,Indoor futsal centre; leagues & social play,
5Sports Caringbah,soccer,"125 The Boulevard, Caringbah NSW 2229",Caringbah,NSW,,https://5sports.com.au/pitch-booking/,Outdoor 5s; café/bar; changerooms,
Carlton Gardens Tennis Club,tennis,"11 Nicholson St, Carlton VIC",Carlton,,,play.tennis.com.au/court-hire/CarltonGardensTennisClub,Four lit hard courts beside the Carlton Gardens; public court hire via Book a Court with keypad access.,
Jubilee Oval,soccer,"Jubilee Avenue, Carlton NSW 2218",Carlton,,,https://www.georgesriver.nsw.gov.au/jubilee-oval,Historic sporting ground,"Main field, grandstand, lighting"
Michael Clarke Recreation Centre,pickleball,"Carnes Hill Marketplace, Carnes Hill NSW 2171",Carnes Hill,,,https://www.liverpool.nsw.gov.au/michael-clarke,South-West Sydney facility,"Indoor courts, cafe, parking"
Royal Pickle (Carrum Downs),,"16/684–700 Frankston–Dandenong Rd, Carrum Downs VIC",Carrum Downs,VIC,,https://royalpickle.com.au,3-court indoor pickleball parlour with licensed bar and kitchen; social play; party bookings; leagues.,
Caulfield Park Tennis Centre,tennis,"280 Balaclava Rd, Caulfield North VIC 3161",Caulfield North,VIC,,https://www.victennisacademy.com.au/book-a-court-caulfield-park/,5 clay courts with lights; adjacent parking; managed by Victorian Tennis Academy; public bookings.,
Centennial Parklands Sports Centre – All‑Weather Field,soccer,"Parkes Dr, Moore Park NSW 2021",Centennial Park,NSW,,https://parklandssports.com.au/field-hire/,Synthetic field; lights; changerooms; online booking,
Infinity Tennis (Chandler),tennis,"773 Boston Rd, Chandler QLD 4155",Chandler,QLD,,https://infinitytennis.com.au/tennis-court-hire-brisbane/,6 outdoor lit courts; open 7 days; phone booking,
Kingston Pickleball Centre,pickleball,"38/107 Wells Rd, Chelsea Heights VIC",Chelsea Heights,VIC,,https://kingstonpickleball.com.au,Dedicated indoor pickleball venue with 2 courts; social play and court hire; pro-shop on site.,
Taroona Tennis Club,tennis,"Chiton Chase (off Nubeena Crescent), Taroona TAS 7053",Chiton Chase (off Nubeena Crescent),,,https://play.tennis.com.au/taroonatennisclub/court-hire/book-by-date,Community club with 4 synthetic courts; online bookings.,
Claremont Lawn Tennis Club,tennis,Claremont WA,Claremont WA,,,https://claremonttennis.com.au/book-a-court/,"4 all-weather hard courts, 2 synthetic-turf courts; day and night play; grass courts available during day; online booking",
Monash Sport – Clayton (Recreation Hall & Games Hall),"futsal, soccer","42 Scenic Blvd (Monash University Clayton), Clayton VIC",Clayton,,,monash.edu/sport/facilities-and-court-hire/clayton,Multi‑purpose indoor courts with public casual hire including futsal; book online via My Monash Sport.,
Coburg Tennis Club,tennis,"Cnr Bellevue & Victoria Sts, Coburg VIC",Coburg,,,play.tennis.com.au/court-hire/CoburgTennisClub,Long-running club with en tout cas courts; bookable to the public online.,
Cockburn ARC,futsal,Cockburn WA,Cockburn WA,,,https://www.cockburnarc.com.au/Visit/Booking-Enquiry,"Sports stadium; maximum 3 futsal courts; minimum 1-hour booking; community rate $59/hour full court, $33/hour half court",
Collaroy Tennis Club,tennis,"Collaroy Plateau Park, Veterans Parade, Collaroy Plateau NSW 2097",Collaroy Plateau,NSW,,https://www.northernbeaches.nsw.gov.au/things-to-do/recreation-area/collaroy-plateau-tennis-court,Northern Beaches council facility,"8 hard courts, clubhouse, parking"
College Park Tennis Court,tennis,"College Park, Nedlands WA",College Park,,,https://www.spacetoco.com/space/nedlands-wa-college-park-tennis-court,"One court available; casual users free; commercial coaching $18/hour adult, $12/hour junior/senior; lights 5pm-10:30pm",
All Things Pickleball - Butler,pickleball,"Community Centre, Butler WA",Community Centre,,,https://allthingspickleball.com.au/pickleball-perth-venues/,Tennis courts at Community Centre; Tuesday 6:30-9PM; $10 for 2 hours; equipment provided; TeamReach app booking,
South Perth Tennis Centre,tennis,"107 Murray Street, Como WA 6152",Como,WA,,https://play.tennis.com.au/southperthtenniscentre/Booking,"Grass, synthetic grass, and plexipave courts; pin-pad access; automated lighting; members play free daytime; $15-20/hour non-members",
Cintra Park Tennis Centre,"pickleball, tennis","383 Concord Road, Concord NSW 2137",Concord,,,https://www.cpsports.com.au/,Large Inner West facility,"12 synthetic grass courts, pro shop, cafe"
Concord Oval Recreation Centre,pickleball,"Loftus Street, Concord NSW 2137",Concord,,,https://www.canadabay.nsw.gov.au/concord-oval,Inner West council facility,"Indoor courts, changerooms, parking"
Majors Bay Reserve – Synthetic Fields (Concord),soccer,Concord NSW 2137,Concord,NSW,,https://www.canadabay.nsw.gov.au/majors-bay-reserve,Full‑size + half‑size synthetic fields; amenities,
Brisbane City Indoor Sports,futsal,"8 Castlemaine St, Coorparoo QLD 4151",Coorparoo,QLD,,https://www.brisbanecityindoorsports.com.au/booking/court-hire/,"Hire our sports courts.  Social, Private, training groups all welcome.  Wet weather options available for sports clubs.",
Ambiwerra Tennis Centre,tennis,"Cnr Erinvale St & Rolfe St, Corinda QLD 4075",Corinda,QLD,,https://www.lifetimetennis.com.au/ambiwerra-tennis-centre,10 courts; cafe & pro shop; secure online booking; PIN access,
Cornelian Bay Oval,soccer,"Cornelian Bay, New Town TAS 7008",Cornelian Bay,,,https://www.hobartcity.com.au/Community/Parks-sportsgrounds-and-reserves/Sportsgrounds/Sportsground-bookings,Large sportsground used for soccer and cricket; casual/seasonal bookings via council.,
Edgeworth Street Soccer Grounds,soccer,"Corner Edgeworth & Bligh St, Warrane TAS 7018",Corner Edgeworth & Bligh St,,,https://www.ccc.tas.gov.au/explore/sportsgrounds-for-hire/,Council-managed soccer grounds; seasonal/casual hire.,
Hume Tennis & Community Centre,tennis,"225 Marathon Blvd, Craigieburn VIC 3064",Craigieburn,VIC,,https://play.tennis.com.au/HumeTennisCommunityCentre,"16 courts (14 Plexicushion, 2 European clay); fully floodlit; pro shop; café; function rooms; public bookings.",
Hume Tennis & Community Centre (Craigieburn),tennis,"225 Marathon Blvd (cnr Newbury Blvd), Craigieburn VIC 3064",Craigieburn,VIC,,https://humetennis.com.au/book-a-court/,"16 courts (14 plexicushion, 2 European clay); café; pro shop",
Logan Metro Sports & Events Centre,futsal,"357 Browns Plains Rd, Crestmead QLD 4132",Crestmead,QLD,,https://loganmetrosec.skedda.com/booking,Large indoor sports centre; online court bookings via Skedda,
Cahill Park Tennis Courts,tennis,"Wilbar Avenue, Cronulla NSW 2230",Cronulla,,,https://bayside.bookable.net.au,Bayside Council facility,"6 hard courts, lighting"
Croydon Tennis Centre,tennis,"45 Hennessy Street, Croydon NSW 2132",Croydon,,,https://www.croydontenniscentre.com.au/tennis-court-hire,Inner West community facility,"6 hard courts, clubhouse"
Dalkeith Tennis Club,tennis,"Cnr Victoria Ave and Beatrice Road, Dalkeith WA 6009",Dalkeith,WA,,https://www.dalkeithtc.com/court-hire/,Grass and hard courts; day and night hire; online booking system; members play free; competitive rates for public,
Rosswood Tennis Club,tennis,"112A Somerset Dr (Tirhatuan Park), Dandenong North VIC",Dandenong North,,,play.tennis.com.au/court-hire/RosswoodTennisClub,Community club with hard and synthetic courts; public court hire via Book a Court.,
InDeep Tennis (Darlinghurst),tennis,"1A Barcom Ave, Darlinghurst NSW 2010",Darlinghurst,NSW,,https://www.indeep.com.au/book-online,AO blue courts; eligibility rules,
Rushcutters Bay Park Tennis Courts,tennis,"Waratah Ave, Rushcutters Bay NSW 2011",Darlinghurst,NSW,,https://play.tennis.com.au/rushcuttersbayparktenniscourts/Booking/BookByDate,Public park; floodlights; ClubSpark booking,
Sydney Uni Sport – Tennis Courts,tennis,"Darlington Rd, Darlington NSW 2008",Darlington,NSW,,https://susf.com.au/tennis-court-hire/,Online booking; hire available,
Brisbane West Indoor Sports (Darra),futsal,"27 Bellwood St, Darra QLD 4076",Darra,QLD,,https://brisbanewest.spawtz.com/,Indoor multi-sport centre; book a court via Spawtz,
Sandgate Tennis Centre,tennis,"83 Board St, Deagon QLD 4017",Deagon,QLD,,https://play.tennis.com.au/SandgateAndDistrictYouthTennisAssociation/booking/bookbydate,8-10 courts; day/night hire; online booking via ClubSpark,
PCYC Northern Beaches (Dee Why),"futsal, pickleball","40 Kingsway, Dee Why NSW 2099",Dee Why,,,https://www.pcycnsw.org.au/northern-beaches,Home to Australia's largest pickleball club,"Indoor courts, equipment provided, parking"
Devonport Soccer Centre,soccer,"47 Lovett Street, Devonport TAS 7310",Devonport,,,https://devonport.bookable.net.au/venues/20/devonport-soccer-centre,Premier soccer facility with one turf pitch and two synthetic pitches; online booking via Council.,"Grandstand, changerooms, club facilities (by arrangement)"
Devonport Tennis Club,tennis,"Eugene Street, Devonport TAS 7310",Devonport,,,https://play.tennis.com.au/devonporttennisclub/Booking,9 hard & 2 artificial grass courts; book online.,"9 hard, 2 artificial grass, 5 lit"
Meercroft Park Sporting Complex,soccer,"240 William Street (carpark via Bluff Road), Devonport TAS 7310",Devonport,,,https://devonport.bookable.net.au/venues/10/meercroft-park,Multiple playing fields for hire; seasonal line marking; pavilion with changerooms & kitchen.,"Fields, pavilion, parking"
Docklands Sports Courts,"futsal, soccer","68–90 Harbour Esplanade, Docklands VIC",Docklands,VIC,,https://activemelbourne.ymca.org.au/,2 outdoor multi-purpose synthetic courts; removable goals; floodlit; casual walk-up or paid exclusive bookings.,
Doncaster Tennis Club,tennis,"802 Doncaster Rd (enter via Athenaeum Way), Doncaster VIC",Doncaster,,,play.tennis.com.au/doncastertennisclub/Booking/BookByDate,Twelve courts with automated lights; public Book a Court access with PIN entry.,
Donvale Tennis Club,tennis,"36–82 Mitcham Rd, Donvale VIC",Donvale,,,play.tennis.com.au/court-hire/DonvaleTennisClub,Multiple outdoor courts in a bushy setting; public court hire via Book a Court.,
Perth Soccer Club - Dorrien Gardens,soccer,"Dorrien Gardens, Perth WA",Dorrien Gardens,,,https://www.perthsc.com.au/facility-hire/,Two synthetic all-weather pitches; changerooms; main pitch with 500 lux lighting; 500 seat grandstand,
Arlington Recreation Ground,soccer,"Grosvenor Crescent, Dulwich Hill NSW 2203",Dulwich Hill,,,https://www.innerwest.nsw.gov.au/arlington,Inner West sports ground,"Grass field, pavilion"
Johnson Park,soccer,"New Canterbury Road, Dulwich Hill NSW 2203",Dulwich Hill,,,https://www.innerwest.nsw.gov.au/johnson-park,Community sports ground,"Grass field, playground"
Beaman Park,soccer,"Beaman Street, Earlwood NSW 2206",Earlwood,,,https://www.canterbury-bankstown.nsw.gov.au/beaman-park,Canterbury-Bankstown facility,"Grass field, amenities block"
KTP Sports Centre (East Hills) – Tennis,tennis,"Sutar Ave, East Hills NSW 2213",East Hills,NSW,,https://ktpsports.com.au/,Tennis courts; futsal; pickleball (centre booking),
Lindfield Soldiers Memorial Park Courts (KRG),tennis,"79A Tryon Rd, Lindfield NSW 2070",East Lindfield,NSW,,https://krg.bookable.net.au/venues/8/lindfield-soldiers-memorial-park-tennis-courts,2 courts; floodlights,
Powlett Reserve Tennis Centre,tennis,"Cnr Albert St & Simpson St, East Melbourne VIC 3002",East Melbourne,VIC,,https://www.victennisacademy.com.au/book-a-court-powlett-reserve/,5 outdoor hard courts; floodlights; park setting; public online bookings via VTA.,
South Pine Indoor Sports Centre (Brendale),"futsal, pickleball","620 South Pine Rd, Brendale QLD 4500",Eatons Hill,QLD,,https://www.southpineindoorsports.com.au/,State-of-the-art indoor facility; supports pickleball & futsal; venue hire/enquiry online,
Henley Park Synthetic Field (Enfield),"futsal, soccer","Shelley St, Enfield NSW 2136",Enfield,NSW,,https://www.burwood.nsw.gov.au/Community/Sport-and-Recreation/Henley-Park,Synthetic field with lighting,
West Epping Park (Tennis & Pickleball),"pickleball, tennis","15X Dent St, Epping NSW 2121",Epping,NSW,,https://play.tennis.com.au/westeppingpark,Lights; pavilion; playground,
Erskineville Oval,soccer,"Bridge Street, Erskineville NSW 2043",Erskineville,,,https://www.cityofsydney.nsw.gov.au/sports-facility-booking-services/book-sports-field,Historic inner city ground,"Grass field, grandstand"
Doutta Galla Tennis Club,tennis,"19–27 Royal Ave (Vin Jervis Reserve), Essendon North VIC",Essendon North,,,play.tennis.com.au/court-hire/DouttaGallaTennisClub,Local club with en tout cas courts; Book a Court for public casual hire.,
Ultimate Soccer Fairfield,"futsal, soccer","Vine Street, Fairfield NSW 2165",Fairfield,,,https://www.ultimatesoccer.com.au/fairfield,Weatherproof indoor facility,"Multiple 5/7-a-side pitches, cafe, parking"
Bundha Sports Centre (Fitzroy North),"futsal, soccer","111 Queens Parade, Fitzroy North VIC",Fitzroy North,,,futsalforlife.com.au/fitzroy-bundha-sports-centre,Multi‑level community indoor court facility; hosts social futsal with public team registrations.,
Fitzroy Tennis Club (Edinburgh Gardens),tennis,"100 St Georges Rd, Fitzroy North VIC",Fitzroy North,,,play.tennis.com.au/court-hire/FitzroyTennisClub,Iconic courts next to the grandstand at Edinburgh Gardens; casual hire available via Book a Court.,
Croker Park Tennis Courts (Five Dock),tennis,"1C Henley Marine Dr, Five Dock NSW 2046",Five Dock,NSW,,https://www.tennisvenues.com.au/booking/croker-park-tc,2 hard courts; lights,
Five Dock Leisure Centre,"futsal, pickleball","93 Park Road, Five Dock NSW 2046",Five Dock,,,https://www.fdlc.com.au/,Full service leisure centre,"3 indoor courts, gym, pool, cafe"
Five Dock Park Tennis Centre,tennis,"Park Road, Five Dock NSW 2046",Five Dock,,,https://www.tennisvenues.com.au/booking/five-dock-tc,Canada Bay council facility,"8 hard courts, clubhouse, coaching"
Five Dock & Concord Oval Recreation Centres – Futsal,futsal,Five Dock / Concord NSW,Five Dock / Concord NSW,,,https://www.canadabay.nsw.gov.au/recreation-centres,6 indoor courts; hourly casual hire,
Reabold Tennis Club,tennis,Floreat WA,Floreat WA,,,https://reaboldtennis.com.au/tennis-court-hire/,Plexicushion courts; online Book a Court system; daytime $20/hour non-members; nighttime $25/hour non-members,
Fremantle Lawn Tennis Club,tennis,Fremantle WA,Fremantle WA,,,https://www.tennisfreo.com.au/court-hire/,"5 hard courts available; day $20/hour, night $24/hour; online booking system; PIN code access; members book 14 days advance",
Lightwood Park Complex (Grounds 1,,2 & 3),Futuro Nogalar,NL,,Soccer (outdoor),"Lightwood Cres, Kingston TAS 7050",
St Mary’s Tennis Club (Geelong),tennis,"18-20 Little Myers St, Geelong VIC 3220",Geelong,VIC,,https://portal.bookcourt.com.au/?from=cfd3668f0f4e4756a6e0e024298e4a07,"4 courts (2 synthetic grass with lights, 2 Plexipave); community club; online bookings via Book.Court.",
Geilston Bay Tennis Club,tennis,"De Bomfords Ln, Geilston Bay TAS 7015",Geilston Bay,TAS,,https://play.tennis.com.au/geilstonbaytennisclub/booking/bookbydate,Six premium synthetic-grass courts; Book a Court enabled.,
Jubilee Park,soccer,"Jubilee Avenue, Glebe NSW 2037",Glebe,,,https://www.cityofsydney.nsw.gov.au/sports-facility-booking-services/book-sports-field,Large park complex,"Multiple fields, pavilion"
Scarborough Park Tennis,tennis,"Mitchell Street, Glebe NSW 2037",Glebe,,,https://www.citycommunitytennis.com.au/locations,City of Sydney facility,"2 hard courts, lighting"
Wentworth Park Sportsfields,soccer,"Wentworth Park Road, Glebe NSW 2037",Glebe,,,https://www.cityofsydney.nsw.gov.au/sports-facility-booking-services/book-sports-field,Historic greyhound racing venue,"Multiple fields, grandstand, function centre"
Cadbury Tennis Courts (Glenorchy City Council),tennis,"Claremont, Glenorchy TAS 7011",Glenorchy,,,https://www.gcc.tas.gov.au/discover-glenorchy/venues-and-facilities/sporting-facilities/,Two external courts; no lights; hourly hire.,2 courts
Montrose Tennis Courts (Glenorchy City Council),tennis,"Montrose, Glenorchy TAS",Glenorchy,,,https://www.gcc.tas.gov.au/discover-glenorchy/venues-and-facilities/sporting-facilities/,Single external court; lighting available; hourly hire.,Lighting (fee applies)
Valentine Sports Park,"futsal, soccer","Parkholme Circuit, Glenwood NSW 2768",Glenwood,,,https://www.footballnsw.com.au/valentine-sports-park,Football NSW headquarters,"5 fields (3 grass, 2 synthetic), futsal court"
Valentine Sports Park (Glenwood),"futsal, soccer","235–257 Meurants Ln, Glenwood NSW 2768",Glenwood,NSW,,https://valentinesportspark.com.au/field-court-hire/,Multiple fields; indoor futsal; lights,
Gordon Recreation Ground Courts (KRG),tennis,"Werona Ave, Gordon NSW 2072",Gordon,NSW,,https://krg.bookable.net.au/venues/35/gordon-recreation-ground-tennis-courts,Council venue,
Greensborough Tennis Club,tennis,"1 Diamond Creek Rd, Greensborough VIC",Greensborough,,,play.tennis.com.au/court-hire/GreensboroughTennisClubEast,Community club with public court hire via Book a Court.,
Karingal Drive Tennis (Council),tennis,"118 Karingal Dr (Malcolm Blair Reserve), Greensborough VIC",Greensborough,,,play.tennis.com.au/court-hire/KaringalDriveTennisClub,Council reserve courts managed with Book a Court access.,
Karingal Drive Tennis Club,tennis,"118 Karingal Dr (Malcolm Blair Reserve), Greensborough VIC",Greensborough,,,play.tennis.com.au/court-hire/KaringalDriveTennisClub,Publicly bookable courts at Malcolm Blair Reserve; keypad access with lights.,
Bathurst Street Park Tennis (Greystanes),tennis,"Bathurst St Park, Greystanes NSW 2145",Greystanes,NSW,,https://play.tennis.com.au/bathurststreetparktenniscourts/Booking/BookByDate,2 courts; lights,
Greystanes Sportsground Tennis,tennis,"Merrylands Rd, Greystanes NSW 2145",Greystanes,NSW,,https://play.tennis.com.au/greystanessportsgroundtenniscourts/Booking/BookByDate,Courts within larger sportsground,
Algie Park,soccer,"Hawthorne Parade, Haberfield NSW 2045",Haberfield,,,https://www.innerwest.nsw.gov.au/algie-park,Local community ground,"Small field, playground"
Haberfield Tennis Centre,tennis,"Dobroyd Parade, Haberfield NSW 2045",Haberfield,,,https://www.haberfieldtennis.com.au/,Inner West community club,"6 synthetic grass courts, pro shop"
Haberfield Tennis Centre “The Ark” – Pickleball,"pickleball, tennis","154A Hawthorne Pde, Haberfield NSW 2045",Haberfield,NSW,,https://www.tennisvenues.com.au/booking/haberfield-tc,Tennis & pickleball booking,
Robson Park,soccer,"Haberfield Road, Haberfield NSW 2045",Haberfield,,,https://www.innerwest.nsw.gov.au/robson-park,Inner West sports ground,"Grass field, pavilion"
City of Stirling - Hamersley Sports Court,futsal,"Belvedere Road, Hamersley WA 6022",Hamersley,WA,,https://www.stirling.wa.gov.au/stirling-leisure/venue-and-facility-hire/sports-court-hamersley-sl,"Multi-purpose court; timber sprung floor; suitable for soccer/futsal; $33/hour community rate, $50/hour commercial",
Hamlyn Park Tennis Club (Geelong),tennis,"22 Carey St, Hamlyn Heights VIC 3215",Hamlyn Heights,VIC,,https://portal.bookcourt.com.au,"5 courts (3 synthetic grass, 2 hard); automated lights; secure PIN entry; online bookings via Book.Court.",
Hamlyn Park Tennis Club (Geelong),tennis,"Hamlyn Park, Calvert St, Hamlyn Heights VIC 3215",Hamlyn Heights,VIC,,https://portal.bookcourt.com.au/court-bookings/hamlyn-park-tennis-club,Community club; lights,
Hampton Tennis Club,tennis,"5 Grenville St, Hampton VIC 3188",Hampton,VIC,,https://www.tennisvenues.com.au/booking/hampton-tennis-club,4 cushioned hard courts with lights; clubrooms; public online booking.,
Malpass Tennis (East Brisbane),pickleball,"Heath Park, East Brisbane QLD 4169",Heath Park,,,https://malpasstennis.com.au/pickleball-court-hire/,"Pickleball Court Hire Private Hire: We have 8 pickleball courts available for private hire at East Brisbane. This must be during office hours (Mon - Thur, 3pm - 7:30pm). As of 31/06/25, pickleball court hire will be $20 per hour or $25 with equipment (paddles &amp; balls). To boo",
Sunshine Tennis Club (Howrah),tennis,"11A Howrah Rd, Howrah TAS 7018",Howrah,TAS,,https://play.tennis.com.au/sunshinetennisclub,Eastern Shore club; online club page with court hire.,
Wentworth Park Sportsgrounds,soccer,"Clarence St, Howrah TAS 7018",Howrah,TAS,,https://www.ccc.tas.gov.au/explore/sportsgrounds-for-hire/,Major Eastern Shore soccer precinct; hire via council application.,
Hunters Hill Club – Tennis,tennis,"12–20 Madeline St, Hunters Hill NSW 2110",Hunters Hill,NSW,,https://www.huntershillclub.com.au/play,2 synthetic courts; online booking (members/guests).,
Huon Valley PCYC,futsal,"40 Wilmot Rd, Huonville TAS 7109",Huonville,TAS,,https://www.hobartpcyc.org.au/huon-valley-pcyc-book-online/,PCYC venue offering bookable sessions incl. pickleball.,
Churchill Park Sports Facility,soccer,"50 Lamont Street (access via Churchill Park Drive), Invermay (Launceston) TAS 7248",Invermay (Launceston),,,https://launceston.bookable.net.au/venues/1/churchill-park-sports-facility,City of Launceston sports complex; bookings required.,"Fields, function room, amenities block"
Island Bay Tennis & Squash Club,tennis,"2 The Parade, Island Bay",Island Bay,WELLINGTON,,https://auth.helloclub.com/signin?response_type=code&amp;redirect_uri=https://islandbaytsc.helloclub.com/oAuthCallback&amp;state=7uqWa4su1Hx5elV3Hzo2D5yxE4Bq3F5H&amp;client_id=frello&amp;code_challenge=EBtHaZoM3sjvHqcdnBOSnF2z-1_VwvDY_hOXA1eGNto&amp;code_challenge_method=S256&amp;signup=false,,
Arena Joondalup,soccer,Joondalup WA,Joondalup WA,,,https://www.arenajoondalup.com.au/sport/social-sport/futsal-and-soccer,Outdoor artificial turf; 6-a-side soccer; Wednesday/Tuesday evenings; A and B divisions,
Matchpoint Tennis – North Lakes,"pickleball, tennis","North Lakes State College, Joyner Cct, North Lakes QLD 4509",Joyner Cct,,,https://www.matchpoint.net.au/court-hire/,"Hire a Matchpoint Tennis court from one of our three locations in North Lakes, Ferny Hills, and Joyner. Club members enjoy discounted court hire rates.",
Shaw Park Tennis Centre,pickleball,"128 Shaw Rd, Wooloowin QLD 4030",Kalinga,QLD,,https://www.tennisvenues.com.au/booking/shaw-park-tc,"Play Pickleball at Shaw Park Tennis Centre Looking for an exciting way to stay active and have fun in Brisbane? Shaw Park Tennis Centre is the ultimate destination for pickleball enthusiasts! Whether you’re picking up a paddle for the first time or are a seasoned player, our top-",
Kalkallo Recreation Reserve Tennis,tennis,"45 Toyon Rd, Kalkallo VIC",Kalkallo,,,play.tennis.com.au/court-hire/kalkallorecreationreserve,New community courts in Melbourne’s northern growth area; public hire via Book a Court.,
Keilor East Tennis Club,tennis,"115 Rachelle Rd, Keilor East VIC",Keilor East,,,play.tennis.com.au/court-hire/KeilorEastTennisClub,Floodlit courts with public online bookings.,
Bernie Mullane Sports Complex,pickleball,"Marella Avenue, Kellyville NSW 2155",Kellyville,,,https://www.thehills.nsw.gov.au/bernie-mullane,Hills District facility,"6 indoor courts, changerooms, cafe"
QUT Indoor Sports Court (Kelvin Grove),futsal,"Level 2, 44 Musk Avenue (U Block), Kelvin Grove QLD 4059",Kelvin Grove,QLD,,https://qutsport.perfectmind.com/35049/Clients/BookMe4FacilityList/List?calendarId=888aa04f-94a2-417f-a097-524e972b8a8c&embed=False&singleCalendarWidget=true&widgetId=76440e28-633d-4fd6-97d8-8a89fa805950,Indoor court lined for futsal; online booking via QUT PerfectMind,
UNSW Village Green (Kensington),soccer,"High St, Kensington NSW 2052",Kensington,NSW,,https://www.sport.unsw.edu.au/facilities/village-green,Full‑size synthetic + multi‑courts; booking request,
Kew East (Victoria Park) Tennis - Club,tennis,"Adeney Ave (Victoria Park), Kew VIC",Kew,,,play.tennis.com.au/court-hire/KewTennisClub,Publicly bookable courts within Victoria Park precinct; keypad entry.,
Kew Tennis Club,tennis,"45 Adeney Ave, Kew VIC",Kew,,,play.tennis.com.au/court-hire/KewTennisClub,Heritage club in Victoria Park precinct; public court hire via Book a Court.,
Springers Leisure Centre (Keysborough),"futsal, soccer","400 Cheltenham Rd, Keysborough VIC",Keysborough,,,springersleisurecentre.com.au,Community stadium with multiple indoor courts; casual hire and futsal leagues open to the public.,
Kialla Park Old Students Tennis Club,tennis,"Kialla Park Recreation Reserve, Reserve St, Kialla VIC 3631",Kialla,VIC,,https://play.tennis.com.au/kiallaparkoldstudentstc/booking/bookbydate,Community club; lights,
Kialla Park Tennis Club,tennis,"Kialla Park Recreation Reserve, Reserve St, Kialla VIC 3631",Kialla,VIC,,https://play.tennis.com.au/KiallaParkOldStudentsTennisClub,"10 courts (6 synthetic grass, 4 cushioned hard); lights; regional community club; public hire.",
Killara Park Tennis Courts (KRG),tennis,"Rosebery Rd, Killara NSW 2071",Killara,NSW,,https://krg.bookable.net.au/venues/48/killara-park-tennis-courts,Lights; shelter,
Kingsbury Tennis Club,tennis,"1C Browning St (KW Joyce Reserve), Kingsbury VIC",Kingsbury,VIC,,https://play.tennis.com.au/kingsburytennisclub,4 floodlit hard courts near La Trobe University; affordable public hire; small clubhouse.,
Eastside Tennis Centre,"pickleball, tennis","1 Court Avenue, Kingsford NSW 2032",Kingsford,,,https://www.tennisvenues.com.au/booking/eastside-tennis-centre,Multiple surface types available,"8 courts (various surfaces), pro shop, cafe, BBQ"
Kingston Tennis Club,tennis,"Kingston View Dr, Kingston TAS 7051",Kingston,TAS,,https://play.tennis.com.au/kingstonTennisClub/legacy-booking?id=3b1efab1-5de8-4323-87a6-fdffe5b52e77,ClubSpark booking page for Kingston TC.,
Kingston Beach Oval,,"Recreation St, Kingston TAS 7050",Kingston Beach,TAS,,https://www.kingborough.tas.gov.au/wp-content/uploads/2021/09/Casual-Sports-Ground-Usage-Application-Form.pdf,Council oval suitable for soccer training and community sport.,
Eastern Indoor Pickleball Club (Knoxfield),pickleball,"1642 Ferntree Gully Rd, Knoxfield VIC",Knoxfield,,,easternindoorpickleballclub.playbypoint.com,Indoor pickleball facility at Eastern Indoor Sports Centre; casual bookings available.,
Koo Wee Rup Tennis Centre,tennis,"243 Rossiter Rd, Koo Wee Rup VIC",Koo Wee Rup,,,play.tennis.com.au/court-hire/KooWeeRupTennisCentre,Regional community courts in Melbourne’s south-east growth corridor; online public bookings.,
Ballarat Lawn Tennis Club,tennis,"Prince of Wales Park, Gillies St North, Ballarat VIC 3350",Lake Gardens,VIC,,https://play.tennis.com.au/ballaratlawntennisclub/booking/bookbydate,8 synthetic grass courts; lights,
Ballarat Lawn Tennis Club,tennis,"Prince of Wales Park, Gillies St N, Ballarat VIC 3355",Lake Gardens,VIC,,https://play.tennis.com.au/BallaratLawnTennisClub,8 synthetic grass courts; clubhouse; limited casual lighting availability; public hire.,
KIKOFF Lakemba,soccer,"576A Punchbowl Rd, Lakemba NSW 2195",Lakemba,NSW,,https://kikoff.com.au/5-aside-football-pitches/,All‑weather turf; lights,
Miller Park Tennis Club (Lane Cove North),tennis,"38A Mowbray Rd, Lane Cove North NSW 2066",Lane Cove North,NSW,,https://play.tennis.com.au/millerparktennisclub/booking/bookbydate,Floodlights,
Lane Cove West Tennis Club,tennis,"Lloyd Rees Dr, Lane Cove West NSW 2066",Lane Cove West,NSW,,https://play.tennis.com.au/lanecovewesttennisclub/Booking/BookByDate,Floodlights,
Latrobe Tennis Club,tennis,"207 Gilbert Street (corner Gilbert & Noone/Percival), Latrobe TAS 7307",Latrobe,,,https://play.tennis.com.au/latrobetennisclubtasmania,Family-friendly club; 3 hardcourts; memberships and programs online.,"3 hard courts, clubhouse"
Elphin Sports Centre,futsal,"Racecourse Crescent, Launceston TAS 7250",Launceston,,,https://www.elphinsportscentre.org.au/,"Major indoor sports complex; hosts basketball, badminton, table tennis, futsal and more.","Multi-purpose halls, headquarters for regional associations"
Launceston Regional Tennis Centre,tennis,"57 Racecourse Crescent, Launceston TAS 7250",Launceston,,,https://play.tennis.com.au/LauncestonRegionalTennisCentre/Booking/BookByDate,Book a Court via ClubSpark booking sheet.,"Outdoor courts, lights"
Tennis World Launceston (Launceston Tennis Centre),tennis,"57 Racecourse Crescent, Launceston TAS 7250",Launceston,,,https://play.tennis.com.au/TennisWorldLaunceston/Booking,After-hours online court hire via ClubSpark; staffed hours via customer portal.,"2 clay, 9 plexicushion, lights, pro shop"
Litis Stadium,soccer,"41 Britannia Road, Leederville WA 6009",Leederville,WA,,https://www.spacetoco.com/space/litis-stadium,Floodlights; seasonal availability; club room available separately; managed by City of Vincent,
Blackmore Oval,soccer,"Balmain Road, Leichhardt NSW 2040",Leichhardt,,,https://www.innerwest.nsw.gov.au/blackmore-oval,Traditional rugby league ground,"Main field, grandstand"
Pioneers Memorial Park,soccer,"Balmain Road, Leichhardt NSW 2040",Leichhardt,,,https://www.innerwest.nsw.gov.au/pioneers-park,Historic sporting ground,"Grass field, grandstand"
Croydon Tennis Centre,tennis,"128-132 Frances St, Lidcombe NSW 2141",Lidcombe,NSW,,https://www.croydontenniscentre.com.au/tennis-court-hire,Online bookings; doubles allowed,
Leichhardt Oval,soccer,"Mary Street, Lilyfield NSW 2040",Lilyfield,,,https://www.innerwest.nsw.gov.au/leichhardt-oval,Historic professional sports venue,"Stadium, lighting, grandstands"
Lindisfarne Memorial Tennis Club,tennis,"End of Park Rd, Lindisfarne TAS 7015",Lindisfarne,TAS,,https://play.tennis.com.au/court-hire/LindisfarneTennisClub,Club with online court hire via Tennis Australia portal.,
Lane Cove Tennis Club,tennis,"Central Park, Kenneth St, Longueville NSW 2066",Longueville,NSW,,https://tennisbcs.com.au/book-court/,5 artificial grass courts,
Muritai Tennis Club,tennis,"358 Muritai Road, Eastbourne, Lower Hutt, 5013",Lower Hutt,,,https://clubspark.kiwi/Content/Icons/favicon.ico?c=en-GB&amp;v=638900865730000000-257000,,
Keirle Park Tennis Centre (Manly),tennis,"277 Pittwater Rd, Manly NSW 2095",Manly,NSW,,https://www.keirleparktennis.com.au/bookings,6 floodlit synthetic courts,
Howick Squash,,"41 Meadowland Drive, Manukau, 2014",Manukau,,,https://meadowlands.helloclub.com/,,
Heffron Park Tennis Centre (Matraville),"pickleball, tennis","417–439 Bunnerong Rd, Matraville NSW 2036",Maroubra,NSW,,https://play.tennis.com.au/heffronparktenniscentre,1 acrylic show + 9 synthetic; kiosk; pickleball,
Southend Tennis Centre,tennis,"50 Heffron Road, Maroubra NSW 2035",Maroubra,,,https://southendtenniscentre.com.au/,Eastern Suburbs facility,"6 hard courts, pro shop, coaching"
Fraser Fives – Sydney Portugal Community Club,"futsal, soccer","100 Marrickville Rd, Marrickville NSW 2204",Marrickville,NSW,,https://fraserfives.spawtz.com/,3 outdoor 5s courts; leagues & casual,
Marrickville District Lawn Tennis Club,tennis,"33 Centennial Street, Marrickville NSW 2044",Marrickville,,,https://play.tennis.com.au/MarrickvilleDistrictLawnTennisClub/court-hire/book-by-date,Historic club with Portuguese restaurant on-site,"7 synthetic grass courts, lights, restaurant, bar, pro shop"
Marrickville Park,soccer,"Illawarra Road, Marrickville NSW 2204",Marrickville,,,https://www.innerwest.nsw.gov.au/marrickville-park,Large park complex,"Multiple fields, grandstand"
Marrickville PCYC,"futsal, pickleball","308 Marrickville Road, Marrickville NSW 2204",Marrickville,,,https://www.pcycnsw.org.au/marrickville,Regular pickleball sessions,"Multi-purpose indoor courts, equipment available"
Albert Reserve Tennis Centre,tennis,"46 Queens Rd (Hanna St), Melbourne VIC 3004",Melbourne,,,https://tennisworld.perfectgym.com.au/ClientPortal2/#/,En‑tout‑cas (clay) courts with lights; operated by Tennis World; casual hire available.,
Melbourne Park (National Tennis Centre),tennis,"Olympic Blvd (Entrance D), Melbourne VIC 3000",Melbourne,VIC,,https://tennisworld.perfectgym.com.au/ClientPortal2/#/,Indoor and outdoor courts incl. Grand Slam surfaces; lights; pro shop; operated by Tennis World; public bookings.,
Tennis World Melbourne Park (National Tennis Centre),tennis,"National Tennis Centre (Level 2), Entrance D, Olympic Blvd, Richmond VIC 3001",Melbourne,VIC,,https://play.tennis.com.au/opencourtsessions/tennisworldmelbournepark,Indoor & outdoor courts; gym; programs,
Melville Tennis Centre,tennis,Melville WA,Melville WA,,,https://www.melvilletenniscentre.com.au/court-hire/,Hard and grass courts; online booking required; members book 14 days advance; PIN code access system; competitive rates,
Alexander Park Tennis Club,tennis,"Clyde Road, Menora WA 6050",Menora,WA,,https://play.tennis.com.au/APTC,"19 grass courts, 6 flood-lit hardcourts, 2 Hotshots grass courts; Club of the Year multiple times; established 1932",
Lawson Square Park Tennis Courts (Merrylands),tennis,"Price St, Merrylands NSW 2160",Merrylands,NSW,,https://play.tennis.com.au/lawsonsquareparktenniscourts/Booking/BookByDate,2 outdoor hard courts,
The Willis Recreation & Sports Centre – Pickleball,pickleball,"325A Eastern Valley Way, Chatswood NSW 2067",Middle Cove,NSW,,https://www.tennisvenues.com.au/booking/willis-park-pickleball,Paddle/ball hire; live calendar,
Pickle Point Milperra,pickleball,"Milperra Sports Complex, Milperra NSW 2214",Milperra,,,https://www.picklepoint.com.au/,Sydney's biggest dedicated outdoor pickleball facility,"8 outdoor courts, Australian Open surface, lighting, free parking"
Roy Emerson Tennis Centre,tennis,"315 Milton Rd, Milton QLD 4064",Milton,QLD,,https://emersontennis.com.au/,6 courts; rebound wall; kiosk; part of Frew Park,
Mona Vale Tennis Club,tennis,"Kitchener Park, Pittwater Rd, Mona Vale NSW 2103",Mona Vale,NSW,,https://www.monavaletennis.com.au/bookings,4 synthetic grass; clubhouse; lights,
Clarence Sports Centre (NFSRA),"futsal, pickleball","20 Loinah Cres, Montagu Bay TAS 7018",Montagu Bay,TAS,,https://nfsra.com.au/court-hire/,Eastern Shore indoor courts; hire via court-hire page.,
Montmorency Tennis Club,tennis,"93 Para Rd (Montmorency Park), Montmorency VIC",Montmorency,,,play.tennis.com.au/montmorencytennisclub/court-hire/,Six en-tout-cas courts; casual public court hire available online.,
Moonah Sports Centre (NFSRA),"futsal, pickleball","17 Gormanston Rd, Moonah TAS 7009",Moonah,TAS,,https://nfsra.com.au/court-hire/,Indoor courts for futsal,
Maribyrnong Park Tennis Club,tennis,"189 Holmes Rd, Moonee Ponds VIC",Moonee Ponds,,,play.tennis.com.au/court-hire/maribyrnongparktennisclub,Riverside club offering public court hire via Book a Court.,
Moorabbin Indoor Sports (MITennis),"futsal, soccer, tennis","2/117 Cochranes Rd, Moorabbin VIC",Moorabbin,,,mitennis.com.au,Indoor centre with futsal court and two synthetic tennis courts; online casual court bookings.,
Centennial Parklands Sports Centre,"soccer, tennis","Corner Anzac Parade and Lang Road, Moore Park NSW 2021",Moore Park,,,https://parklandssports.com.au/online-court-bookings/,Sydney's largest outdoor sports centre complex,"15 tennis courts, 8 FIFA-approved futsal fields, 200+ parking spaces, PIN access"
Centennial Parklands Tennis (Moore Park),tennis,"Cnr Anzac Pde & Lang Rd, Moore Park NSW 2021",Moore Park,NSW,,https://parklandssports.com.au/court-hire/,Self-service access; parking validation (late),
Sydney Racquet Club (Moore Park / EQ),pickleball,"17 Park Rd North, Moore Park NSW 2021",Moore Park,NSW,,https://playtomic.com/clubs/sydney-racquet-club,Playtomic booking; sauna/ice; bar; Wi‑Fi,
UTS Moore Park Tennis,"futsal, tennis","Moore Park Road, Moore Park NSW 2021",Moore Park,,,https://www.uts.edu.au/about/sport-and-recreation/facilities/moore-park,"University facility, public booking available","4 hard courts, futsal field, changerooms"
Morningside Tennis Centre,pickleball,"123 Beverley St, Morningside QLD 4170",Morningside,QLD,,https://www.tennisvenues.com.au/booking/morningside-tc,Dedicated courts; coaching; equipment hire,
Middle Head Tennis Court (Mosman),tennis,"1110 Middle Head Rd, Mosman NSW 2088",Mosman,NSW,,https://harbourtrust-events.bookable.net.au/#!/event-detail/MiddleHeadTennisCourt,Single outdoor court in national park; online bookings essential.,
Mosman Lawn Tennis Club,tennis,"2 Sinclair St, Mosman NSW 2088",Mosman,NSW,,https://www.tennisvenues.com.au/booking/mosman-lawn-tc,6 synthetic courts; LED lights,
Mosman Lawn Tennis Club,tennis,"11 Gouldsbury Street, Mosman NSW 2088",Mosman,,,https://www.mosmanlawntennis.com.au/book,Historic North Shore club,"8 synthetic grass courts, pro shop, cafe"
Mount Annan Leisure Centre,pickleball,"Main Street, Mount Annan NSW 2567",Mount Annan,,,https://www.camden.nsw.gov.au/mount-annan,South-West Sydney council facility,"Indoor courts, gym, changerooms"
Futsal Oz – Mt Evelyn,futsal,"42 Kirkbrae Ave, Mount Evelyn VIC",Mount Evelyn,VIC,,https://futsaloz.com/,Purpose-built futsal centre in Melbourne’s outer east; several indoor courts; leagues and casual bookings.,
MCC Glen Iris Valley Tennis Club,tennis,"260 High St Rd, Mount Waverley VIC",Mount Waverley,,,play.tennis.com.au/MCCGlenIrisValleyTennisClub/Booking/BookByDate,Large heritage club with public casual court hire via ClubSpark; mix of clay/en-tout-cas.,
Mt Lawley Tennis Club,tennis,Mt Lawley WA,Mt Lawley WA,,,https://playtennisperth.com.au/book-a-court,"10 all-weather hard courts; floodlit; day $15/hour, night $20/hour; racquet hire $5/hour; free tennis balls",
Mt Lawley Tennis Club - Pickleball,pickleball,Mt Lawley WA,Mt Lawley WA,,,https://www.mtlawleytennis.com.au/play/pickleball/,6 pickleball courts; social sessions Tue/Thu; $12.50/session; TeamReach app booking (code MLTCPB6050); equipment available,
South Coogee Reserve,soccer,Munster WA,Munster WA,,,https://www.spacetoco.com/space/munster-wa-south-coogee-reserve-2,Cricket and soccer pitch; adjacent clubroom facilities; managed by City of Cockburn,
Murdoch University - Indoor Courts,futsal,"Murdoch University, Perth WA",Murdoch University,,,https://www.murdoch.edu.au/murdoch-active/facilities-and-hiring,Indoor multi-use courts; full-sized sports hall for futsal/soccer; equipment hire available; email active@murdoch.edu.au,
Murrumbeena Tennis Club,tennis,"2–4 Bute St, Murrumbeena VIC",Murrumbeena,,,play.tennis.com.au/murrumbeenatennisclub/Booking/BookByDate,Three en-tout-cas courts with lights; public Book a Court access with PIN gate.,
UWA Recreation and Fitness Centre,futsal,"35 Stirling Highway, Perth WA 6009",Nedlands,WA,,https://www.uwa.edu.au/sport/venue-hire/venue-hire,Indoor soccer courts available; part of comprehensive sports facilities; contact for availability and rates,
Neutral Bay Club – Tennis,tennis,"3 Westleigh St, Neutral Bay NSW 2089",Neutral Bay,NSW,,https://neutralbayclub.com/court-hire/,4 synthetic courts with LED lights; online booking.,
New Farm Park Tennis Courts,tennis,"1042 Brunswick St, New Farm QLD 4005",New Farm,QLD,,https://communify.org.au/series/tennis-at-new-farm-park/,Park courts; scenic setting; council information page,
Clare Street Oval (New Town),soccer,"Clare St, New Town TAS 7008",New Town,TAS,,https://www.hobartcity.com.au/Community/Parks-sportsgrounds-and-reserves/Sportsgrounds/Sportsground-bookings,Home of New Town White Eagles FC; soccer in winter.,
Rebound Stadium,"futsal, pickleball","23 Foster St, Newmarket QLD 4051",Newmarket,QLD,,https://www.reboundstadium.com.au/book-online,"');align-items:center;background-color:rgba(var(--bg,var(--color_11,color_11)),var(--alpha-bg,1));border:var(--brw,0) solid rgba(var(--brd,var(--color_15,color_15)),var(--alpha-brd,1));border-radius:var(--rd,0);box-shadow:var(--shd,0 0 0 transparent);box-sizing:border-box;display",
Newport Community Centre (Tennis),tennis,"11–13 The Boulevarde, Newport NSW 2106",Newport,NSW,,https://www.northernbeaches.nsw.gov.au/things-to-do/recreation-area/newport-community-centre,2 courts; PIN access; lights; accessible toilets,
Newstead Tennis & Squash Centre,tennis,"49-63 Olive Street, Newstead TAS 7250",Newstead,,,https://play.tennis.com.au/opencourtsessions/newsteadtennisandsquashcentre,Court hire and sessions bookable online.,"2 Plexipave, 2 synthetic grass, lights, 2 squash courts"
North Park Tennis Club,tennis,"Corner Elliot Ave & Flemington Rd, North Melbourne VIC",North Melbourne,,,play.tennis.com.au/court-hire/NorthParkTennisClub,Leafy courts on the edge of Royal Park; public bookings online.,
North Narrabeen Community & Tennis Centre,tennis,"7 Boondah Road, North Narrabeen NSW 2101",North Narrabeen,,,https://www.northernbeaches.nsw.gov.au/things-to-do/recreation-area/north-narrabeen-community-tennis-centre,Northern Beaches community facility,"4 hard courts, clubhouse"
Tennis World North Ryde (Ryde Multisport & Racquet Centre),"pickleball, tennis","16-18 Epping Rd, North Ryde NSW 2113",North Ryde,NSW,,https://www.tennisworldonline.com.au/,"Tennis, padel & dedicated pickleball courts; online booking.",
North Sydney Tennis Centre,tennis,"1 Little Alfred Street, North Sydney NSW 2060",North Sydney,,,https://www.northsydneytennis.com.au/book,"Council facility, close to CBD","6 synthetic grass courts, floodlights, pro shop"
Tennis World North Sydney,tennis,"37 Ridge St, North Sydney NSW 2060",North Sydney,NSW,,https://www.nstg.com.au/tennis-court-hire/,Courts above Ridge St carpark; online booking,
Northcote Tennis Courts (McDonell Park),tennis,"180 Victoria Rd, Northcote VIC",Northcote,VIC,,https://play.tennis.com.au/,Tennis Australia – Book a Court.,
Virginia United FC (Field Hire),soccer,"574 Nudgee Rd, Nundah QLD 4012",Nundah,QLD,,https://www.virginiaunitedfc.com.au/fields,2 full-size and 2 three-quarter pitches; enquiries via email; lights & amenities included,
Oakleigh Tennis Club (Caloola Reserve),tennis,"Caloola Reserve, 85 Atkinson St, Oakleigh VIC 3166",Oakleigh,VIC,,https://play.tennis.com.au/oakleightennisclub/booking/bookbydate,8 LED‑lit artificial grass courts; Book‑A‑Court entry,
Oakleigh Tennis Club (Caloola),tennis,"Park Rd, Oakleigh VIC 3166",Oakleigh,VIC,,https://play.tennis.com.au/OakleighTennisClub,7 en‑tout‑cas courts with lights; clubhouse; Book a Court enabled; public hire.,
Binalong Park Tennis Courts (Old Toongabbie),"pickleball, tennis","Binalong Rd, Old Toongabbie NSW 2146",Old Toongabbie,NSW,,https://play.tennis.com.au/binalongparktenniscourts,Lights; toilets; shelter,
The Football Centre,soccer,"Osborne Park, Perth WA",Osborne Park,,,https://footballcentre.com.au/group-bookings/,Indoor soccer pitch; venue hire $150/hour; showers and drinks available; equipment provided,
Tauranga Bridge Club,,"252 Ngatai Road, Otūmoetai",Otumoetai,BAY OF PLENTY,,https://taurangabridge.helloclub.com/,,
Trumper Park Tennis Centre,tennis,"Quarry Street, Paddington NSW 2021",Paddington,,,https://play.tennis.com.au/trumperpark,"Council-managed facility, central location","4 hard courts, floodlights, pro shop"
White City Tennis,tennis,"30 Alma Street, Paddington NSW 2021",Paddington,,,https://www.whitecitytennis.com.au/court-hire,"Historic venue, former Davis Cup location","6 synthetic grass courts, pro shop, cafe, coaching"
KTP Sports Centre (Panania) – Tennis,tennis,"Marco Ave, Panania NSW 2213",Panania,NSW,,https://ktpsports.com.au/,Tennis courts; futsal; pickleball (centre booking),
Royal Park Tennis Club,tennis,"333 The Avenue (cnr Park St), Parkville VIC 3052",Parkville,VIC,,https://play.tennis.com.au/royalparktennisclub/court-hire,14 en-tout-cas clay courts; lights; BBQ; playground nearby,
Royal Park Tennis Club,tennis,"Cnr The Avenue & Park St, Parkville VIC 3052",Parkville,VIC,,https://play.tennis.com.au/RoyalParkTennisClub,14 en-tout-cas courts with lights; modern clubhouse; BBQ area; online Book a Court.,
Whaleback Tennis & Pickleball Courts,"pickleball, tennis","Whaleback Avenue, Parkwood WA",Parkwood,WA,,https://www.spacetoco.com/space/parkwood-wa-whaleback-pickleball-and-tennis-courts,"6 courts (4 lit), 4 accommodate pickleball; licensed cafe; function room; racquet and ball hire available; parking",
Parramatta City Tennis,tennis,"Victoria Road, Parramatta NSW 2150",Parramatta,,,https://play.tennis.com.au/ParramattaCityTennis,Large Western Sydney facility,"12 hard courts, pro shop, coaching, parking"
Pickleball Palace,pickleball,"2 Attercliffe Ave, Pascoe Vale VIC",Pascoe Vale,VIC,,https://pickleballpalace.com.au,Premium 5-court indoor club; café and mezzanine lounge; wellness centre with hot/cold plunge and saunas.,
Peakhurst Park Synthetic (Georges River),soccer,Peakhurst NSW 2210,Peakhurst,NSW,,https://www.georgesriver.nsw.gov.au/Community/Facilities-and-Venues/Sportsgrounds/Peakhurst-Park,FIFA‑approved synthetic; lights,
Dirrabarri Tennis Courts (Pemulwuy),tennis,"Cnr Watkin Tench Pde & Driftway Dr, Pemulwuy NSW 2145",Pemulwuy,NSW,,https://play.tennis.com.au/dirrabarritenniscourts,2 hard courts; lights; parking,
Civic Park Tennis (Pendle Hill),tennis,"Targo Rd, Pendle Hill NSW 2145",Pendle Hill,NSW,,https://play.tennis.com.au/civicparktenniscourts/Booking/BookByDate,Toilets; changerooms; kiosk; lights,
Loton Park Tennis Club,tennis,"Cnr Lord Street and Bulwer Street, Perth WA 6000",Perth,WA,,https://play.tennis.com.au/LotonParkTennisClub,"6 grass courts, 2 flood-lit hard courts; heritage listed venue; LGBTQIA+ managed; grass season Oct-May",
AH Sport Centre,futsal,Perth WA,Perth WA,,,https://ahsport.net/for-hire/court-hire/,"Indoor soccer/futsal courts; fully air-conditioned; $57/hour full court, $36/hour half court; 2 courts available",
Alder Park Sports Club,futsal,Perth WA,Perth WA,,,https://www.alderparksportsclub.com/futsal-courts,2 synthetic fully netted futsal courts; $80/hour; Under 16s only; flat sole futsal shoes required; weather dependent,
Maccabi WA Facilities,soccer,Perth WA,Perth WA,,,https://maccabi.com.au/wa/members-wa/facility-hire/,Multiple soccer pitches; Joe (Yossi) Rosen Oval main pitch; Adonis Park fully flood lit; well-maintained grounds,
Banksia Centre (Camp Banksia),,"1 Anderson Street, Port Sorell TAS 7307",Port Sorell,,,https://www.banksiaportsorell.com/availability/,Hireable indoor stadium and community spaces; two outdoor tennis courts on site.,"Indoor stadium, meeting rooms, kitchen/kiosk, parking, 2 outdoor tennis courts"
Princes Gardens Tennis Courts,tennis,"8 Little Chapel St, Prahran VIC 3181",Prahran,VIC,,https://play.tennis.com.au/PrincesGardensTennisCourts,3 Plexipave courts with lights; City of Stonnington public facility; online bookings.,
Princes Gardens Tennis Courts (Prahran),tennis,"8 Little Chapel St, Prahran VIC 3181",Prahran,VIC,,https://play.tennis.com.au/court-hire/PrincesGardensTennisCourts,Public hard courts; lights,
East Preston Park Tennis Club,tennis,"46 Newton St (T.A. Cochrane Reserve), Preston VIC",Preston,VIC,,https://play.tennis.com.au/eastprestonparktennisclub,3 synthetic grass courts with lights; casual public hire online; community clubhouse.,
Princes Hill Tennis Club,tennis,"208 Macpherson St (Princes Park), Carlton North VIC",Princes Hill,VIC,,https://play.tennis.com.au/princeshilltennisclub,4 floodlit hard courts at Princes Park; public casual bookings via Book-a-Court; small pavilion.,
Allan Small Park Courts (KRG),tennis,"Cnr Rosedale Rd & Quarry St, Pymble NSW 2073",Pymble,NSW,,https://krg.bookable.net.au/venues/30/allan-small-park-tennis-courts,Lights,
The Jar Pickleball Club,pickleball,Pyrmont NSW 2009,Pyrmont,,,https://www.thejar.com.au/pickleball,Boutique pickleball venue with bar,"2 premium courts, bar, social area"
Domain Tennis Centre,tennis,"2 Davies Ave, Glebe TAS 7000",Queens Domain,TAS,,https://play.tennis.com.au/DomainTennis,Major Hobart tennis centre with online Book a Court.,
Government House Tasmania Tennis Courts,tennis,"7 Lower Domain Rd, Hobart TAS 7000",Queens Domain,TAS,,https://play.tennis.com.au/governmenthousetasmania/court-hire/book-by-date,Public hire courts within Government House domain; online booking.,
Scarborough Park Sports Centre – Pickleball,pickleball,"7 Hawthorne St, Ramsgate Beach NSW 2217",Ramsgate Beach,NSW,,https://pickleballnsw.org/play/court-hire/,Outdoor courts with nets; venue listed for hire,
Redfern Park,soccer,"Elizabeth Street, Redfern NSW 2016",Redfern,,,https://www.cityofsydney.nsw.gov.au/sports-facility-booking-services/book-sports-field,Historic Aboriginal sporting ground,"Sports field, basketball courts"
Research Tennis Club,tennis,"1459B Main Rd (Research Park), Research VIC",Research,,,play.tennis.com.au/researchtennisclub/Booking/BookByDate,Bushland setting in Research Park; casual court hire to the public online.,
Keon Park Tennis Club,tennis,"80 Hickford St (J.C. Donath Reserve), Reservoir VIC",Reservoir,VIC,,https://play.tennis.com.au/keonparktennisclub,4 outdoor courts (recently redeveloped as multi-use); lighting available; community pavilion.,
Regent Tennis Club,tennis,"2A Clyde St (GE Robinson Reserve), Reservoir VIC",Reservoir,VIC,,https://play.tennis.com.au/regenttennisclub,Historic club with synthetic courts and lights; casual hire when not in club use; upgraded pavilion.,
Intrinsic Sports Revesby,"futsal, soccer","2B Brett Street, Revesby NSW 2212",Revesby,,,https://intrinsicsports.com.au/,Multi-sport indoor facility,"Indoor courts, cafe, parking"
Riverside Tennis Club (Tasmania),tennis,"2 Eden Street, Riverside TAS 7250",Riverside,,,https://play.tennis.com.au/riversideTennisClub,Club with 4 synthetic courts; see club page for court hire and membership.,"4 synthetic grass, clubhouse"
Wanderers Fives (Rooty Hill),soccer,"55 Francis Rd, Rooty Hill NSW 2766",Rooty Hill,NSW,,https://wanderersfives.com.au/pitch-hire,Pro 5s centre; floodlights; clubhouse,
Rosanna Tennis Club,tennis,"2 Strasbourg Rd, Rosanna VIC",Rosanna,,,play.tennis.com.au/court-hire/RosannaTennisClub,Courts at De Winton Park; public bookings online.,
Lyne Park Tennis Centre,tennis,"New South Head Road, Rose Bay NSW 2029",Rose Bay,,,https://lyneparktennis.com.au/book-a-court,"Harbour views, premium Eastern Suburbs location","10 synthetic grass courts, pro shop, cafe, coaching"
City Community Tennis - Turruwul Park,tennis,"Mentmore Avenue, Rosebery NSW 2018",Rosebery,,,https://www.citycommunitytennis.com.au/locations,"Recently upgraded courts, PIN access","3 hard courts, floodlights, adjacent playground"
Rosebery Park,soccer,"Dalmeny Avenue, Rosebery NSW 2018",Rosebery,,,https://www.cityofsydney.nsw.gov.au/sports-facility-booking-services/book-sports-field,Recently upgraded facility,"Sports field, playground"
Morona Avenue Reserve Courts (KRG),tennis,"Morona Ave, Roseville NSW 2069",Roseville,NSW,,https://krg.bookable.net.au/venues/41/morona-avenue-reserve-tennis-courts,Council venue,
Roseville Lawn Tennis Club,tennis,"7A Clanville Rd, Roseville NSW 2069",Roseville,NSW,,https://play.tennis.com.au/rosevillelawntennisclub/Booking/BookByDate,Community club; floodlit sessions,
Roseville Park – Clanville Rd Courts (KRG),tennis,"60A Clanville Rd, Roseville NSW 2069",Roseville,NSW,,https://krg.bookable.net.au/venues/112/roseville-park-clanville-road-roseville,Council venue,
Rosny Park Tennis Club,tennis,"18 Bastick St, Rosny Park TAS 7018",Rosny Park,TAS,,https://play.tennis.com.au/rosnyparktennisclub/Booking,Six synthetic grass courts; online Book a Court.,
Macquarie University Sports Fields,soccer,"Ross Gwilliam Field, Macquarie Park NSW 2113",Ross Gwilliam Field,,,https://www.mq.edu.au/about/campus-services-and-facilities/sport/sports-fields,Synthetic & turf fields; configurable areas,
Callan Park,soccer,"Balmain Road, Rozelle NSW 2039",Rozelle,,,https://www.innerwest.nsw.gov.au/callan-park,Historic parklands,"Multiple fields, heritage buildings"
King George Park,soccer,"Manning Road, Rozelle NSW 2039",Rozelle,,,https://www.innerwest.nsw.gov.au/king-george-park,Major Inner West ground,"Large field, pavilion"
Reg Bartley Oval,soccer,"Bowden Street, Rushcutters Bay NSW 2011",Rushcutters Bay,,,https://www.cityofsydney.nsw.gov.au/sports-facility-booking-services/book-sports-field,Premium Eastern Suburbs location,"Grass field, harbour views"
Rushcutters Bay Park Tennis,tennis,"New Beach Road, Rushcutters Bay NSW 2011",Rushcutters Bay,,,https://www.citycommunitytennis.com.au/locations,"Waterfront location, popular venue","4 hard courts, harbour views, floodlights"
Royal Rehab Ryde – Sports Courts,tennis,"235 Morrison Rd, Ryde NSW 2112",Ryde,NSW,,https://www.rrtc.tennisbcs2.com.au/Applns/Bookings/Bookdisp2.aspx,Community-access tennis & basketball courts; online booking system.,
Ryde Aquatic Leisure Centre,pickleball,"504 Victoria Road, Ryde NSW 2112",Ryde,,,https://www.ryde.nsw.gov.au/ralc,Full aquatic and sports complex,"Indoor courts, pool, gym, cafe"
Ryde Tennis Centre,tennis,"Corner Karen Moras Dr, Potts & Weaver Sts, Ryde NSW 2112",Ryde,NSW,,https://www.tennisvenues.com.au/booking/ryde-tennis-centre,Casual court hire; book online.,
UTAS Unigym (Sandy Bay) – Sports Hall,futsal,"Dobson Rd, Sandy Bay TAS 7005",Sandy Bay,TAS,,https://www.utas.edu.au/campus-services/venue-hire/available-venues,University sports halls available for hire through Unigym.,
Scoresby Tennis Centre,tennis,"752 Stud Rd (Scoresby Recreation Reserve), Scoresby VIC",Scoresby,,,play.tennis.com.au/court-hire/ScoresbyTennis,Community tennis centre with public online bookings; lights available.,
Wakehurst – Pickleball (Seaforth),pickleball,"Upper Clontarf St, Seaforth NSW 2092",Seaforth,NSW,,https://www.tennisvenues.com.au/booking/wakehurst-park-pickleball,Outdoor dedicated courts; lights,
Wakehurst Tennis (Seaforth),tennis,"Upper Clontarf St, Seaforth NSW 2092",Seaforth,NSW,,https://www.tennisvenues.com.au/booking/wakehurst-park-tennis,Ten‑court facility; mixed surfaces,
Wakehurst Tennis Club,"futsal, tennis","Boondah Road, Seaforth NSW 2092",Seaforth,,,https://www.wakehursttennis.com.au/book,Large Northern Beaches complex,"10 courts (4 hard, 4 synthetic, 2 futsal), clubhouse"
Football Queensland - Meakin Park,soccer,"187 Meakin Rd, Slacks Creek QLD 4127",Slacks Creek,QLD,,https://footballqueensland.com.au/facilities/,Multiple football fields; 'Book Now' for field hire,
Ultimate Soccer (Fairfield),soccer,"46–48 Smithfield Rd, Prairiewood NSW 2176",Smithfield,NSW,,https://ultimatesoccer.com.au/book-a-pitch/,8 FIFA‑grade pitches; cage design; lights,
Snape Park Tennis Centre (Maroubra),tennis,"Snape Park, Maroubra NSW 2035",Snape Park,,,https://www.oz-tennis.com/,6 artificial + 1 hard; floodlit,
Latham Park Tennis Centre (South Coogee),tennis,"Henning Ave, South Coogee NSW 2034",South Coogee,NSW,,https://lathamparktennis.com.au/court-hire/,Quick-drying courts; clubhouse; lights,
South Hobart Oval,soccer,"6 Washington St, South Hobart TAS 7004",South Hobart,TAS,,https://www.hobartcity.com.au/Community/Parks-sportsgrounds-and-reserves/Sportsgrounds/Sportsground-bookings,Well-used sportsground; home of South Hobart FC; bookings via council.,
The Jar – South Melbourne,pickleball,"29 White St, South Melbourne VIC",South Melbourne,VIC,,https://thejarpickleball.com.au,Flagship 4-court indoor pickleball club in converted warehouse; court hire; lessons; social events.,
Fawkner Park Tennis Centre,tennis,"65 Toorak Rd West, South Yarra VIC 3141",South Yarra,VIC,,https://www.victennisacademy.com.au/book-a-court-fawkner-park/,6 synthetic grass courts; floodlights; pro shop; managed by Victorian Tennis Academy; public bookings.,
Lucius Park,soccer,Spearwood WA,Spearwood WA,,,https://www.spacetoco.com/space/spearwood-wa-lucius-park,Two full size soccer pitches; changerooms and toilets; limited lighting available; managed by City of Cockburn,
Watsons Oval,soccer,Spearwood WA,Spearwood WA,,,https://www.spacetoco.com/space/spearwood-wa-watsons-oval,Two full size soccer pitches; training standard floodlighting; managed by City of Cockburn,
Spring Hill Tennis Centre,tennis,"400 Gregory Terrace, Spring Hill QLD 4000",Spring Hill,QLD,,https://clients.mindbodyonline.com/ASP/su1.asp?studioid=491530,4 lit hard courts; keypad PIN access; online booking via Mindbody,
Springvale Indoor Sports Centre,"futsal, soccer","546 Springvale Rd, Springvale VIC",Springvale South,VIC,,https://www.springvaleindoorsports.com.au/,Full-size indoor futsal/soccer court; casual hire; competitive leagues; bar and function space.,
St Albans East Tennis Club,tennis,"Corner Main Rd East & Percy St (Errington Reserve), St Albans VIC",St Albans,VIC,,play.tennis.com.au/StAlbansEastTennisClub/Booking,Community club with public online court hire; keypad gate access.,
Robert Pymble Park Courts (KRG),tennis,"4 Myrtle St, Pymble NSW 2073",St Ives,NSW,,https://krg.bookable.net.au/venues/54/robert-pymble-park-tennis-courts,Council venue,
St Ives Village Green Courts (KRG),tennis,"Memorial Ave, St Ives NSW 2075",St Ives,NSW,,https://krg.bookable.net.au/venues/50/st-ives-village-green-tennis-courts,4 floodlit courts,
Warrimoo Oval Courts (KRG),tennis,"Warrimoo Ave, St Ives NSW 2075",St Ives,NSW,,https://krg.bookable.net.au/venues/51/warrimoo-oval-tennis-courts,3 floodlit courts; BBQ; playground,
UQ Sport Tennis Centre,"pickleball, tennis","The University of Queensland, Blair Dr, St Lucia QLD 4067",St Lucia,QLD,,https://uqsport.com.au/venues/tennis-centre/,"Tennis Centre at UQ Sport. The venue to unleash your personal best. We’re a not-for-profit organisation committed to promoting sport, physical recreation and the benefits of a healthy lifestyle within UQ.",
Blacktown Leisure Centre Stanhope,"futsal, pickleball","2 Sentry Drive, Stanhope Gardens NSW 2768",Stanhope Gardens,NSW,,https://www.blacktown.nsw.gov.au/stanhope,Major Western Sydney complex,"Multiple indoor courts, gym, pool"
Strathfield Sports Club Tennis,tennis,"11 Florence Street, Strathfield NSW 2135",Strathfield,NSW,,https://strathfieldsportsclub.com.au/tennis/book-a-court/,Full service sports club,"8 hard courts, clubhouse, restaurant"
Lords Recreation Centre,futsal,Subiaco WA,Subiaco WA,,,https://www.lords.com.au/court-bookings/sports-courts,"Multipurpose wooden courts; $56/hour casual hire; four courts available; suitable for basketball, futsal, netball, volleyball",
Sunbury Lawn Tennis Club,tennis,"Cnr Ligar & Cornish Sts, Sunbury VIC",Sunbury,,,play.tennis.com.au/court-hire/SunburyLawnTennisClub,Lawn and synthetic courts in Sunbury; public bookings online.,
City Community Tennis - Prince Alfred Park,tennis,"Chalmers Street, Prince Alfred Park, Surry Hills NSW 2010",Surry Hills,,,https://play.tennis.com.au/citycommunitytennisprincealfredpark,"Australian Open surface, PIN access system, 6am-11pm daily","5 plexicushion courts, floodlights, pro shop, changerooms, cafe, parking"
Prince Alfred Park,"soccer, tennis","Chalmers Street, Surry Hills NSW 2010",Surry Hills,,,https://www.cityofsydney.nsw.gov.au/sports-facility-booking-services/book-sports-field,Multi-sport park facility,"Pool complex, tennis courts, playground"
Prince Alfred Park – City Community Tennis,tennis,"105 Chalmers St, Surry Hills NSW 2010",Surry Hills,NSW,,https://play.tennis.com.au/citycommunitytennisprincealfredpark/Booking/BookByDate,AO surface; lights; pro shop; PIN access,
Sutherland Waratah Tennis Courts,tennis,"Waratah Park, Sutherland NSW 2232",Sutherland,,,https://play.tennis.com.au/sutherlandwaratahtenniscourts,Sutherland Shire facility,"6 hard courts, lighting"
City Community Tennis - St James Park,tennis,"Elizabeth Street, Sydney NSW 2000",Sydney,,,https://www.citycommunitytennis.com.au/locations,"Heritage-listed park location, PIN access","2 hard courts, CBD location"
Sydney Football Centre,"futsal, soccer","Edwin Flack Avenue, Sydney Olympic Park NSW 2127",Sydney Olympic Park,,,https://www.sydneyolympicpark.com.au/sydney-football-centre,Olympic Park premium facility,"FIFA-approved synthetic pitch, lighting"
Sydney Football Centre (Olympic Park),soccer,Sydney Olympic Park NSW 2127,Sydney Olympic Park,NSW,,https://www.sydneyfootballcentre.com.au/about,Configurable synthetic FIFA‑approved fields,
Sydney Olympic Park Sports Halls,futsal,"Olympic Blvd, Sydney Olympic Park NSW 2127",Sydney Olympic Park,NSW,,https://www.sydneyolympicpark.com.au/tennis-coaching/book-online,Indoor multi-sport halls; online booking.,
Tennis World Sydney Olympic Park,tennis,"2 Rod Laver Drive, Sydney Olympic Park NSW 2127",Sydney Olympic Park,,,https://www.tennisworld.net.au/tennis-world-sydney/,"Premier tennis facility, hosts major events","16 courts (2 indoor), Ken Rosewall Arena, gym, cafe"
Tennis World Sydney Olympic Park,tennis,"2 Rod Laver Dr, Sydney Olympic Park NSW 2127",Sydney Olympic Park,NSW,,https://play.tennis.com.au/opencourtsessions/tennisworldsydney,Major complex; multiple surfaces,
Tom Wills Community Field,soccer,"Grand Parade, Sydney Olympic Park NSW 2127",Sydney Olympic Park,,,https://www.sydneyolympicpark.com.au/tom-wills-field,Flexible community facility,"Multi-sport ground, lighting"
Sylvania Waters Tennis Centre,tennis,"Belgrave Esplanade, Sylvania Waters NSW 2224",Sylvania Waters,,,https://www.swtctennis.com.au/,Waterfront location in South Sydney,"7 synthetic grass courts, pro shop"
Burnie Tennis Club,tennis,Tasmania,Tasmania,,,https://play.tennis.com.au/BurnieTennisClub,Burnie Tennis Club International ATP ITF Mens Womens Juniors Tennis Coaching Restrings Hot Shots Open Tennis Sessions Tournaments Social Tennis,
Domain Tennis Centre,tennis,Tasmania,Tasmania,,,https://play.tennis.com.au/DomainTennisCentre,Domain Tennis Centre Queens Domain Tasmania,
Lindisfarne Tennis Club,tennis,Tasmania,Tasmania,,,https://play.tennis.com.au/LindisfarneTennisClub,Lindisfarne Memorial Tennis Club has tennis courts for hire to the public,
Longford Tennis Club,tennis,Tasmania,Tasmania,,,https://play.tennis.com.au/LongfordTennisClub,"Longford Tennis Club is a family friendly and welcoming tennis club, offering social and competitive tennis&#160;for players of all standards,",
New Town Catholic Tennis Club,tennis,Tasmania,Tasmania,,,https://play.tennis.com.au/newtowncatholictennisclub/Account/SignIn?returnUrl=https%3a%2f%2fplay.tennis.com.au%2fnewtowncatholictennisclub%2fBooking%2fBookByDate,Forgotten your password?,
Sorell Tennis Club,tennis,Tasmania,Tasmania,,,https://play.tennis.com.au/SorellTennisClub,Sorell Tennis Club has tennis courts for hire to the public,
Ulverstone Tennis Club,tennis,Tasmania,Tasmania,,,https://play.tennis.com.au/UlverstoneTennisClub,Ulverstone Tennis Club is located right next to the West Ulverstone Beach with 3 plexipave courts (2 with lights) making them usable all year round.,
Wynyard-Somerset Tennis Club,tennis,Tasmania,Tasmania,,,https://play.tennis.com.au/WynyardsomersetTennisClub,We are a family friendly club that occupies 2 separate sites - 4 Hard courts at our Somerset location (off Bass Hwy onto Tennis Court Drive) and 2 Hard courts at our Wynyard location (Johnson Place).&#160;,
Robyn Webster Sports Centre,pickleball,"46 Holbeach Avenue, Tempe NSW 2044",Tempe,,,https://www.innerwest.nsw.gov.au/robyn-webster,Inner West council facility,"Multi-purpose indoor courts, changerooms"
Tempe Reserve,soccer,"Holbeach Avenue, Tempe NSW 2044",Tempe,,,https://www.innerwest.nsw.gov.au/tempe-reserve,Large sporting complex,"Multiple fields, Cooks River adjacent"
Templestowe Park Tennis Club,tennis,"Corner Porter & Hawtin Sts, Templestowe VIC",Templestowe,,,play.tennis.com.au/TemplestoweParkTennisClub/booking/bookbydate,Seven courts (synthetic clay/grass); public Book a Court with PIN and automated lights.,
Queensland Tennis Centre,tennis,"190 King Arthur Tce, Tennyson QLD 4105",Tennyson,QLD,,https://www.queenslandtenniscentre.com.au/,23 courts incl. clay/grass/hard; Pat Rafter Arena; cafe; pro shop,
The Crescent Synthetic (Annandale),soccer,"The Crescent, Annandale NSW 2038",The Crescent,,,https://www.innerwest.nsw.gov.au/explore/parks-sport-and-recreation/sporting-grounds/book-a-sporting-ground,Inner West booking system,
Padel Brisbane,,"200 Settlement Rd, The Gap QLD 4061",The Gap,QLD,,https://padelbrisbane.co/book-a-court/,"GAME ON... START HERE BOOK A COURT BOOK A SOCIAL JOIN AS MEMBER GET IN TOUCH BOOK AT OUR VENUESAlternatively, visit our Matchi page for bookings. DOWNLOAD THE MATCHI APPDownload the MATCHI AppRegister your MATCHI AccountBook your court SIGN UP TO OUR NEWSLETTER *Stay Informed abo",
The Gap Tennis Club,pickleball,"200 Settlement Rd, The Gap QLD 4061",The Gap,QLD,,https://thegaptennisclub.com.au/index.php/programs/pickle-ball/,"WELCOME TO OUR NEW PICKLEBALL CLUB! We are proud to announce the opening of Grand Slam Pickleball The Gap! Located in the Gap Health &amp; Racquet Club precinct, Grand Slam Pickleball has 8 dedicated pickleball courts and offers the best pickleball experience in Brisbane! To book",
KGV Recreation Centre – Futsal,futsal,"15 Cumberland St, The Rocks NSW 2000",The Rocks,NSW,,https://online.cityofsydney.nsw.gov.au/king-george-v/KGVBookings,Indoor futsal court; outdoor court,
KGV Recreation Centre – Pickleball,"futsal, pickleball","15 Cumberland St, The Rocks NSW 2000",The Rocks,NSW,,https://online.cityofsydney.nsw.gov.au/king-george-v/KGVBookings,3 indoor pickleball courts; futsal; outdoor court,
Futsal Oz – Thomastown,futsal,"391 Settlement Rd, Thomastown VIC",Thomastown,VIC,,https://futsaloz.com/,Large futsal complex with multiple indoor courts; leagues and casual hire; spectator areas and café.,
St Mary's Tennis Club (Geelong),tennis,"Thomson Recreation Reserve, Godfrey St, Thomson VIC 3219",Thomson,VIC,,https://play.tennis.com.au/stmarysgeelongtennisclub/CourtHire,4 courts (mix hard & synthetic); some public access,
Darebin State Football Centre (DISC),soccer,"281 Darebin Rd (DISC), Thornbury VIC",Thornbury,VIC,,https://www.footballvictoria.com.au/,3 FIFA-standard synthetic pitches with lights; elite & community hire; changing facilities and parking.,
John Cain Memorial Park Courts,tennis,"281 Clarendon St (John Cain Park), Thornbury VIC",Thornbury,VIC,,https://www.darebin.vic.gov.au/,4 outdoor hard courts with lights; part of larger sports precinct near Narrandjeri Stadium.,
Toongabbie Sports Complex,pickleball,"Bungaree Road, Toongabbie NSW 2146",Toongabbie,,,https://www.blacktown.nsw.gov.au/toongabbie,Western Sydney council facility,"Indoor courts, changerooms, parking"
Trevallyn Tennis Club,tennis,"60 Gorge Road, Trevallyn TAS 7250",Trevallyn,,,https://play.tennis.com.au/trevallyntennisclub/CourtBooking,Court booking via external Skedda link from ClubSpark site.,"2 hard, 2 synthetic, lights, clubhouse"
Truganina Tennis Club,tennis,"73 Alcock Rd, Truganina VIC",Truganina,,,play.tennis.com.au/TruganinaTennisClub,New six-court facility; two courts shared with general public via online booking.,
Action Indoor Sports – Tullamarine,futsal,"5/62 Garden Dr, Tullamarine VIC",Tullamarine,VIC,,https://www.actionindoorsports.com.au/,Large indoor sports hall with configurable courts; after-work futsal comps; equipment hire; lounge/bar.,
Turrella Reserve,soccer,"Turrella Street, Turrella NSW 2205",Turrella,,,https://www.bayside.nsw.gov.au/sports-grounds,Bayside Council ground,"Grass field, amenities block"
Ultimo Community Centre,"futsal, pickleball","40 William Henry St, Ultimo NSW 2007",Ultimo,NSW,,https://www.cityofsydney.nsw.gov.au/community-centres/ultimo-community-centre,Indoor multipurpose court; online booking form.,
The Glade Reserve Tennis Courts (KRG),tennis,"Glade Ave, Wahroonga NSW 2076",Wahroonga,NSW,,https://krg.bookable.net.au/venues/12/the-glade-reserve-tennis-courts,Council venue,
All Things Pickleball - Wanneroo,pickleball,"Wanneroo Showgrounds, Wanneroo WA",Wanneroo Showgrounds,,,https://allthingspickleball.com.au/pickleball-perth-venues/,Outdoor courts; Monday and Thursday 6:30-9PM; $10 for 2 hours; equipment provided; ages 8-80 welcome,
Wantirna Tennis Club,tennis,"Cnr Mountain Hwy & Burwood Rd, Wantirna VIC",Wantirna,,,play.tennis.com.au/wantirnatennisclub,Nine courts at Wantirna Reserve; uses Book a Court for public bookings with lights.,
Knox Regional Football Centre,soccer,"291 George St, Wantirna South VIC",Wantirna South,VIC,,https://www.footballvictoria.com.au/,1 full-size floodlit synthetic field + nine 5-a-side pitches; modern facility for leagues and casual bookings.,
Level Up Pickleball,pickleball,"Westfield Knox (425 Burwood Hwy), Wantirna South VIC",Wantirna South,VIC,,https://www.leveluppickleball.com.au,Indoor courts inside a shopping centre; themed nightly play by skill level; pro coach on staff.,
Alan Davidson Oval,soccer,"Wellington Street, Waterloo NSW 2017",Waterloo,,,https://www.cityofsydney.nsw.gov.au/sports-facility-booking-services/book-sports-field,Named after Australian cricketer,"Synthetic wicket, grass field"
Mahon Park,soccer,"Kellick Street, Waterloo NSW 2017",Waterloo,,,https://www.cityofsydney.nsw.gov.au/sports-facility-booking-services/book-sports-field,Local community ground,"Small field, playground"
Waterloo Oval,soccer,"Elizabeth Street, Waterloo NSW 2017",Waterloo,,,https://www.cityofsydney.nsw.gov.au/sports-facility-booking-services/book-sports-field,Inner city sports ground,"Grass field, changerooms"
Ballarat Regional Tennis Centre,tennis,"Dowling St, Wendouree VIC 3355",Wendouree,VIC,,https://play.tennis.com.au/BallaratRegionalTennisCentre,Outdoor hard courts (some covered); lights; part of Ballarat tennis hub; public online bookings.,
Ballarat Regional Tennis Centre,tennis,"497 Dowling St, Wendouree VIC 3355",Wendouree,VIC,,https://play.tennis.com.au/court-hire/ballaratregionaltenniscentre,Regional centre; cushioned hard & clay courts; lights,
West End Tennis Club,tennis,"39 Vulture St, West End QLD 4101",West End,QLD,,https://www.westendtennisclub.com.au/,Community club; court hire; coaching,
Flagstaff Gardens Tennis Courts,tennis,"309–311 William St, West Melbourne VIC",West Melbourne,VIC,,https://activemelbourne.ymca.org.au/,2 outdoor hard courts with floodlights; code access after online booking; public park location.,
Kendall Village Green Courts (KRG),tennis,"Kendall St, West Pymble NSW 2073",West Pymble,NSW,,https://krg.bookable.net.au/venues/37/kendall-village-green-tennis-courts,Council venue,
Ryde Indoor Sports Centre – Pickleball,pickleball,"913 Victoria Rd, West Ryde NSW 2114",West Ryde,NSW,,https://rydeindoor.com.au/court-hire/,Indoor hire; social sessions,
Ulverstone Sports & Leisure Centre,pickleball,"2 Flora Street, West Ulverstone TAS 7315",West Ulverstone,,,https://www.centralcoast.tas.gov.au/live/our-facilities/sporting-grounds-facilities/,Versatile venue with three stadiums and four squash courts; pickleball sessions run by Ulverstone Pickleball Club.,"3 stadiums, 4 squash courts, changerooms, kiosk, accessibility features"
Williamstown Tennis Club,tennis,"Corner Morris St & Esplanade, Williamstown VIC",Williamstown,,,play.tennis.com.au/court-hire/WilliamstownTennisClub,Seaside club opposite the foreshore; online public bookings.,
Willoughby Leisure Centre – Pickleball,pickleball,"2–4 Small St, Willoughby NSW 2068",Willoughby,NSW,,https://www.willoughbyleisure.com.au/Bookings-and-availability/Book-a-pickleball-court,Indoor courts; up to 4 players/court,
Wodonga Tennis Centre,tennis,"Dalgleish St, Wodonga VIC 3690",Wodonga,VIC,,https://play.tennis.com.au/wodongatenniscentre/booking/bookbydate,Large regional centre; lights; clubhouse; function rooms,
Cooper Park Tennis Centre,tennis,"1 Bunna Place, Woollahra NSW 2025",Woollahra,,,https://play.tennis.com.au/cooperparktennis,Set in 17.5 hectares of urban bushland,"8 LED-lit synthetic grass courts, cafe, pro shop, parking"
Wynnum Tennis Centre,tennis,"Colina St, Wynnum QLD 4178",Wynnum,QLD,,https://www.tennis.com.au/queensland/clubs/wynnum-tennis-centre,Courts; coaching; club programs,
York Tennis Courts,tennis,"22 Barker Street, York WA",York,WA,,https://www.spacetoco.com/space/york-wa-tennis-courts,4 courts within fenced enclosure; spectator area; court lights available; supply own rackets and balls,
Gunyama Park Synthetic Sportsfield,"futsal, soccer","Zetland Avenue, Zetland NSW 2017",Zetland,,,https://www.cityofsydney.nsw.gov.au/venues-facilities/gunyama-park,New facility with aquatic centre adjacent,"FIFA-sized synthetic field, lighting, changerooms"
Gunyama Park Synthetic Sportsfield (Zetland),soccer,"17 Zetland Ave, Zetland NSW 2017",Zetland,NSW,,https://cityofsydneyleisure.perfectmind.com/38044/OtherApps/BookMe4FacilityList/List?calendarId=5f78fff4-a926-41b3-8998-632fde89d9ad&embed=False&singleCalendarWidget=true&widgetId=889c326a-7987-4959-b068-08d67fb1ead2,City booking calendar; multipurpose,
