id,name,address,current_city,here_suburb,here_city,here_state,here_postal,here_country_code,proposed_city
8e432b37-8e01-4a98-bc66-f7f7f055cdbe,"5Sports Caringbah","125 The Boulevard, Caringbah NSW 2229","125 The Boulevard","Caringbah","Sydney","NSW","2229","AUS","Caringbah"
be04d3f2-73b8-4367-ba4e-729e04c762ce,"Action Indoor Sports – Box Hill","9 Leslie St, Box Hill VIC","9 Leslie St","Brunswick","Melbourne","VIC","3056","AUS","Brunswick"
883c2a9c-d74b-4944-b4e7-89de0b985baf,"Action Indoor Sports – Tullamarine","5/62 Garden Dr, Tullamarine VIC","5/62 Garden Dr","Tullamarine","Melbourne","VIC","3043","AUS","Tullamarine"
d214d69c-7651-4603-9de5-d8b1d0573a15,"Albert Park Tennis & Pickleball Centre (Hockey Drive)","Hockey Dr (off Fitzroy St), Albert Park VIC","Hockey Dr (off Fitzroy St)","Albert Park","Melbourne","VIC","3182","AUS","Albert Park"
490e6c2c-7329-471c-bcf9-0ea8d8e54d7f,"Albert Reserve Tennis Centre","46 Queens Rd (Hanna St), Melbourne VIC 3004","46 Queens Rd (Hanna St)","Albert Park","Melbourne","VIC","3004","AUS","Albert Park"
c294b388-303f-4f04-939b-4a4bbeeb564c,"Albert Reserve Tennis Centre (Tennis World)","46 Queens Rd, Melbourne VIC 3004","46 Queens Rd","Albert Park","Melbourne","VIC","3004","AUS","Albert Park"
cb8b277e-a81d-45cc-881d-fbc5c532833d,"Alexander Park Tennis Club","Clyde Road, Menora WA 6050","Clyde Road","Menora","Perth","WA","6050","AUS","Menora"
a2b009e5-5fd4-45d9-86a9-e515c09a2fb7,"Allan Small Park Courts (KRG)","Cnr Rosedale Rd & Quarry St, Pymble NSW 2073","Cnr Rosedale Rd & Quarry St","Pymble","Sydney","NSW","2073","AUS","Pymble"
bd628b75-c46d-47a2-b112-9efe6d56a8de,"Ambiwerra Tennis Centre","Cnr Erinvale St & Rolfe St, Corinda QLD 4075","Cnr Erinvale St & Rolfe St","Corinda","Brisbane","QLD","4075","AUS","Corinda"
eded064c-0e93-47c5-9c5e-87e91ad7b947,"Ballarat Lawn Tennis Club","Prince of Wales Park, Gillies St N, Ballarat VIC 3355","Gillies St N","Lake Gardens","Ballarat","VIC","3355","AUS","Lake Gardens"
f48a9ba7-bd37-4239-aace-d401722f99f8,"Ballarat Lawn Tennis Club","Prince of Wales Park, Gillies St North, Ballarat VIC 3350","Gillies St North","Lake Gardens","Ballarat","VIC","3355","AUS","Lake Gardens"
f530532d-c57e-4a12-ba5f-24a4510418ad,"Ballarat Regional Tennis Centre","Dowling St, Wendouree VIC 3355","Dowling St","Wendouree","Ballarat","VIC","3355","AUS","Wendouree"
ab254c46-35f3-40bd-971e-3d302ce558d1,"Ballarat Regional Tennis Centre","497 Dowling St, Wendouree VIC 3355","497 Dowling St","Wendouree","Ballarat","VIC","3355","AUS","Wendouree"
7bb9c22c-4212-4e3d-8071-418f9e7f0815,"Bathurst Street Park Tennis (Greystanes)","Bathurst St Park, Greystanes NSW 2145","Bathurst St Park","Greystanes","Sydney","NSW","2145","AUS","Greystanes"
10fe2083-c0c3-48b7-be22-a8649a0e8902,"Bendigo Regional Tennis Centre","21–26 Nolan St, Bendigo VIC 3550","21–26 Nolan St","Bendigo","Bendigo","VIC","3550","AUS","Bendigo"
ce351a8e-a210-4ee8-9981-239ba5fdc480,"Bendigo Regional Tennis Centre","21 Nolan St, Bendigo VIC 3550","21 Nolan St","Bendigo","Bendigo","VIC","3550","AUS","Bendigo"
116f3e7e-bae9-4c22-8b8a-070919db4f45,"Bexley Tennis Courts","369E Bexley Rd, Bexley NSW 2207","369E Bexley Rd","Bexley","Sydney","NSW","2207","AUS","Bexley"
389dd1af-7ecf-49f9-9fba-84ebbb7d756b,"Binalong Park Tennis Courts (Old Toongabbie)","Binalong Rd, Old Toongabbie NSW 2146","Binalong Rd","Old Toongabbie","Sydney","NSW","2146","AUS","Old Toongabbie"
fa5257dc-b605-4465-af34-52c94aab94ff,"Birchgrove Tennis Centre","Cnr Louisa Rd & Rose St, Birchgrove NSW 2041","Cnr Louisa Rd & Rose St","Birchgrove","Sydney","NSW","2041","AUS","Birchgrove"
f23be1bd-055c-4338-b189-e13131a80850,"Blacktown Leisure Centre Stanhope","2 Sentry Drive, Stanhope Gardens NSW 2768","Stanhope Gardens","Stanhope Gardens","Sydney","NSW","2768","AUS","Stanhope Gardens"
f815ca3f-e5a6-4b58-bb28-f78473d15945,"Boroondara Tennis Centre","150 Bulleen Rd, Balwyn North VIC","150 Bulleen Rd","Bulleen","Melbourne","VIC","3105","AUS","Bulleen"
ca0b0b8f-6dad-499c-bd98-ef518dc1a1ee,"Bracken Ridge Tennis Centre","337 Bracken Ridge Rd, Bracken Ridge QLD 4017","337 Bracken Ridge Rd","Bracken Ridge","Brisbane","QLD","4017","AUS","Bracken Ridge"
ad182796-4e2e-46dc-89a2-311b9b977dab,"Brisbane City Indoor Sports","8 Castlemaine St, Coorparoo QLD 4151","8 Castlemaine St","Coorparoo","Brisbane","QLD","4151","AUS","Coorparoo"
a67013c3-e425-49bc-8476-28e328ca703a,"Brisbane West Indoor Sports (Darra)","27 Bellwood St, Darra QLD 4076","27 Bellwood St","Darra","Brisbane","QLD","4076","AUS","Darra"
7eb76fea-3a04-4aef-add9-d078d6bc8470,"Brooklyn Tennis Club","Cypress Ave, Brooklyn VIC 3012","Cypress Ave","Brooklyn","Melbourne","VIC","3012","AUS","Brooklyn"
15526c25-b63f-403c-ae82-085b411162a4,"Cambridge New Soccer Ground","Cambridge Rd, Cambridge TAS 7170","Cambridge Rd","Cambridge","Cambridge","TAS","7170","AUS","Cambridge"
8af96e4d-18d3-4842-9ffb-3eb93802c70c,"Caulfield Park Tennis Centre","280 Balaclava Rd, Caulfield North VIC 3161","280 Balaclava Rd","Caulfield North","Melbourne","VIC","3161","AUS","Caulfield North"
54a1bcb0-810e-4ce5-bc33-62ece366ae4c,"Centennial Parklands Sports Centre – All‑Weather Field","Parkes Dr, Moore Park NSW 2021","Parkes Dr","Centennial Park","Sydney","NSW","2021","AUS","Centennial Park"
55259137-7333-4a42-ab59-1f67c1847e6a,"Centennial Parklands Tennis (Moore Park)","Cnr Anzac Pde & Lang Rd, Moore Park NSW 2021","Cnr Anzac Pde & Lang Rd","Moore Park","Sydney","NSW","2021","AUS","Moore Park"
c90fb808-6370-410a-b8c9-fb4c1f79a674,"City of Stirling - Hamersley Sports Court","Belvedere Road, Hamersley WA 6022","Belvedere Road","Hamersley","Perth","WA","6022","AUS","Hamersley"
10436eaf-3167-4f13-a7d4-f14cb2ec8fc9,"Civic Park Tennis (Pendle Hill)","Targo Rd, Pendle Hill NSW 2145","Targo Rd","Pendle Hill","Sydney","NSW","2145","AUS","Pendle Hill"
0d664e24-99a4-488d-b42d-175d9c8f13d7,"Clare Street Oval (New Town)","Clare St, New Town TAS 7008","Clare St","New Town","Hobart","TAS","7008","AUS","New Town"
50032483-a2bb-4312-a627-ded73aa56bb5,"Clarence Sports Centre (NFSRA)","20 Loinah Cres, Montagu Bay TAS 7018","20 Loinah Cres","Montagu Bay","Hobart","TAS","7018","AUS","Montagu Bay"
ac5ca73a-28d7-4caf-b8a4-ae7a0d246091,"Clifton Hill Tennis Club – Pickleball Sessions","2 Hoddle St, Clifton Hill VIC","2 Hoddle St","Abbotsford","Melbourne","VIC","3067","AUS","Abbotsford"
e0223553-ffd1-478d-add8-9dfd345c61d0,"Club Marconi – Pickleball","121–133 Prairie Vale Rd, Bossley Park NSW 2176","121–133 Prairie Vale Rd","Bossley Park","Sydney","NSW","2176","AUS","Bossley Park"
596b8ddd-c24b-4814-849c-3464e95e4fe7,"Collaroy Tennis Club","Collaroy Plateau Park, Veterans Parade, Collaroy Plateau NSW 2097","Collaroy Plateau","Collaroy Plateau","Sydney","NSW","2097","AUS","Collaroy Plateau"
4d7974ba-3a7f-4e24-8af9-0ce453021b60,"Cooper Park Tennis","Bellevue Rd, Bellevue Hill NSW 2023","Bellevue Rd","Bellevue Hill","Sydney","NSW","2023","AUS","Bellevue Hill"
13f60668-ff8f-4166-a87a-d343255aab8d,"Croker Park Tennis Courts (Five Dock)","1C Henley Marine Dr, Five Dock NSW 2046","1C Henley Marine Dr","Five Dock","Sydney","NSW","2046","AUS","Five Dock"
c76a5bab-830f-4e22-b153-63248d39afa8,"Croydon Tennis Centre","128-132 Frances St, Lidcombe NSW 2141","128-132 Frances St","Lidcombe","Sydney","NSW","2141","AUS","Lidcombe"
bb2071a0-0387-41d4-9ecc-ff75875c2bff,"Dalkeith Tennis Club","Cnr Victoria Ave and Beatrice Road, Dalkeith WA 6009","Cnr Victoria Ave and Beatrice Road","Dalkeith","Perth","WA","6009","AUS","Dalkeith"
2229967a-3bba-4ff6-9788-a5dcd09a5428,"Darebin State Football Centre (DISC)","281 Darebin Rd (DISC), Thornbury VIC","281 Darebin Rd (DISC)","Thornbury","Melbourne","VIC","3071","AUS","Thornbury"
9c4987fe-c790-432a-8ef1-7f0df51912d0,"Dirrabarri Tennis Courts (Pemulwuy)","Cnr Watkin Tench Pde & Driftway Dr, Pemulwuy NSW 2145","Cnr Watkin Tench Pde & Driftway Dr","Pemulwuy","Sydney","NSW","2145","AUS","Pemulwuy"
f1d22f3b-51d8-4168-8a3e-e841459b8ec7,"Docklands Sports Courts","68–90 Harbour Esplanade, Docklands VIC","68–90 Harbour Esplanade","Docklands","Melbourne","VIC","3008","AUS","Docklands"
3b72de1c-f8c9-4e0e-9032-a1c58356da0b,"Domain Tennis Centre","2 Davies Ave, Glebe TAS 7000","2 Davies Ave","Queens Domain","Hobart","TAS","7000","AUS","Queens Domain"
cf07a2c0-213c-4407-925d-2e604243f8f0,"East Preston Park Tennis Club","46 Newton St (T.A. Cochrane Reserve), Preston VIC","46 Newton St (T.A. Cochrane Reserve)","Preston","Melbourne","VIC","3072","AUS","Preston"
5a51975c-8972-4607-a521-af01bf0ee7c0,"Edgeworth Street Soccer Grounds","Corner Edgeworth & Bligh St, Warrane TAS 7018","Corner Edgeworth & Bligh St","","","","","","Corner Edgeworth & Bligh St"
b1dec29f-b73c-42d5-a843-03b43408f174,"Elsternwick Park Tennis & Pickleball Centre","464 St Kilda St, Brighton VIC","464 St Kilda St","Brighton","Melbourne","VIC","3186","AUS","Brighton"
1adbe3d0-e85c-487f-9e48-c44eb732cf75,"Essendon Tennis Club","Clifton Park Reserve, Batman St, Essendon VIC 3040","Batman St","Aberfeldie","Melbourne","VIC","3040","AUS","Aberfeldie"
c407d17f-7d68-41c1-affc-56adee3040f4,"Fawkner Park Tennis Centre","65 Toorak Rd West, South Yarra VIC 3141","65 Toorak Rd West","South Yarra","Melbourne","VIC","3141","AUS","South Yarra"
a4bf29c0-7ff3-4016-9040-fb32422743da,"Flagstaff Gardens Tennis Courts","309–311 William St, West Melbourne VIC","309–311 William St","West Melbourne","Melbourne","VIC","3003","AUS","West Melbourne"
4e089fb2-e0ce-4da1-9235-4f29062bf12b,"Football Queensland - Meakin Park","187 Meakin Rd, Slacks Creek QLD 4127","187 Meakin Rd","Slacks Creek","Brisbane","QLD","4127","AUS","Slacks Creek"
b64945c6-8ceb-4bdf-b1a9-01942d26399f,"Football Queensland - Nudgee Recreation Reserve","290 Elliott Rd, Nudgee QLD 4014","290 Elliott Rd","Banyo","Brisbane","QLD","4014","AUS","Banyo"
44f180b9-7ae3-4088-a02a-885fbad10df5,"Fraser Fives – Sydney Portugal Community Club","100 Marrickville Rd, Marrickville NSW 2204","100 Marrickville Rd","Marrickville","Sydney","NSW","2204","AUS","Marrickville"
44835621-d789-4e68-8196-396f0745fa76,"Futsal Oz – Brunswick","407–409 Victoria St, Brunswick VIC","407–409 Victoria St","Brunswick","Melbourne","VIC","3056","AUS","Brunswick"
63e11f27-a8bd-4f3a-a80a-800975cd9094,"Futsal Oz – Mt Evelyn","42 Kirkbrae Ave, Mount Evelyn VIC","42 Kirkbrae Ave","Mount Evelyn","Melbourne","VIC","3796","AUS","Mount Evelyn"
9ae6cf37-d59f-449b-bf7c-b622e5a1eff4,"Futsal Oz – Thomastown","391 Settlement Rd, Thomastown VIC","391 Settlement Rd","Thomastown","Melbourne","VIC","3074","AUS","Thomastown"
693799e4-da96-4d0f-a68a-82554705a997,"Geilston Bay Tennis Club","De Bomfords Ln, Geilston Bay TAS 7015","De Bomfords Ln","Geilston Bay","Hobart","TAS","7015","AUS","Geilston Bay"
0eec7d6a-b268-48eb-895b-578b8ac20b1c,"Gordon Recreation Ground Courts (KRG)","Werona Ave, Gordon NSW 2072","Werona Ave","Gordon","Sydney","NSW","2072","AUS","Gordon"
8abeb468-e533-4d76-b965-c303382a63eb,"Government House Tasmania Tennis Courts","7 Lower Domain Rd, Hobart TAS 7000","7 Lower Domain Rd","Queens Domain","Hobart","TAS","7000","AUS","Queens Domain"
79c7ece6-b303-4086-a0ca-a25b86c4388b,"Greystanes Sportsground Tennis","Merrylands Rd, Greystanes NSW 2145","Merrylands Rd","Greystanes","Sydney","NSW","2145","AUS","Greystanes"
c35ece08-76a3-459b-8e3c-39022ed45c1f,"Gunyama Park Synthetic Sportsfield (Zetland)","17 Zetland Ave, Zetland NSW 2017","17 Zetland Ave","Zetland","Sydney","NSW","2017","AUS","Zetland"
5088d962-cb98-4390-a4cd-718dba4ab70e,"Haberfield Tennis Centre “The Ark” – Pickleball","154A Hawthorne Pde, Haberfield NSW 2045","154A Hawthorne Pde","Haberfield","Sydney","NSW","2045","AUS","Haberfield"
0907731b-3713-49c1-83e5-5ed412cd4d9a,"Hamlyn Park Tennis Club (Geelong)","22 Carey St, Hamlyn Heights VIC 3215","22 Carey St","Hamlyn Heights","Geelong","VIC","3215","AUS","Hamlyn Heights"
4f4688f4-ca25-4585-badc-efb9cfc4fef2,"Hamlyn Park Tennis Club (Geelong)","Hamlyn Park, Calvert St, Hamlyn Heights VIC 3215","Calvert St","Hamlyn Heights","Geelong","VIC","3215","AUS","Hamlyn Heights"
96699c20-ff9a-4287-8001-11d4c6c564c7,"Hampton Tennis Club","5 Grenville St, Hampton VIC 3188","5 Grenville St","Hampton","Melbourne","VIC","3188","AUS","Hampton"
de74e290-b928-464c-9a3c-85a0174a9ec2,"Heffron Park Tennis Centre (Matraville)","417–439 Bunnerong Rd, Matraville NSW 2036","417–439 Bunnerong Rd","Maroubra","Sydney","NSW","2035","AUS","Maroubra"
fcd9bd4c-219f-4dfc-8595-1db9e5979358,"Henley Park Synthetic Field (Enfield)","Shelley St, Enfield NSW 2136","Shelley St","Enfield","Sydney","NSW","2136","AUS","Enfield"
881f8641-bf4b-4750-9d93-876f78acc09d,"Home of the Matildas – State Football Centre","La Trobe Sports Precinct (Sports Dr), Bundoora VIC","La Trobe Sports Precinct (Sports Dr)","Bundoora","Melbourne","VIC","3083","AUS","Bundoora"
f46be433-fb8e-4179-a933-81fbb09c0292,"Hume Tennis & Community Centre","225 Marathon Blvd, Craigieburn VIC 3064","225 Marathon Blvd","Craigieburn","Melbourne","VIC","3064","AUS","Craigieburn"
f651e29d-4c84-4491-88e5-d24e7921a767,"Hume Tennis & Community Centre (Craigieburn)","225 Marathon Blvd (cnr Newbury Blvd), Craigieburn VIC 3064","225 Marathon Blvd (cnr Newbury Blvd)","Craigieburn","Melbourne","VIC","3064","AUS","Craigieburn"
0f2bdbb5-9ee1-4abc-954a-ab087875e19a,"Hunters Hill Club – Tennis","12–20 Madeline St, Hunters Hill NSW 2110","12–20 Madeline St","Hunters Hill","Sydney","NSW","2110","AUS","Hunters Hill"
defbb381-3272-404b-a425-cf1cff609553,"Huon Valley PCYC","40 Wilmot Rd, Huonville TAS 7109","40 Wilmot Rd","Huonville","Huonville","TAS","7109","AUS","Huonville"
70587886-c0b5-426c-9b28-30d60605f3be,"Illawarra Tennis Centre (Rockdale)","89A Wolseley St, Bexley NSW 2207","89A Wolseley St","Bexley","Sydney","NSW","2207","AUS","Bexley"
5dc8ce91-e935-4278-8186-d9a4ce9fcec5,"InDeep Tennis (Darlinghurst)","1A Barcom Ave, Darlinghurst NSW 2010","1A Barcom Ave","Darlinghurst","Sydney","NSW","2010","AUS","Darlinghurst"
c2f2b73a-2011-4216-9cc3-37ed7f4de749,"Infinity Tennis (Chandler)","773 Boston Rd, Chandler QLD 4155","773 Boston Rd","Chandler","Brisbane","QLD","4155","AUS","Chandler"
4e801f6c-c72b-48c5-8901-118c3a3a1bdc,"Island Bay Tennis & Squash Club","2 The Parade, Island Bay","2 The Parade","Island Bay","Wellington","Wellington","6023","NZL","Island Bay"
f307a254-2549-4e71-a941-f1d1839db4f3,"John Cain Memorial Park Courts","281 Clarendon St (John Cain Park), Thornbury VIC","281 Clarendon St (John Cain Park)","Thornbury","Melbourne","VIC","3071","AUS","Thornbury"
9ba81d3f-3835-450b-b4a1-e66cb0908ed7,"Keirle Park Tennis Centre (Manly)","277 Pittwater Rd, Manly NSW 2095","277 Pittwater Rd","Manly","Sydney","NSW","2095","AUS","Manly"
a6a9d757-a465-49ba-8706-b0202fd1d76c,"Kendall Village Green Courts (KRG)","Kendall St, West Pymble NSW 2073","Kendall St","West Pymble","Sydney","NSW","2073","AUS","West Pymble"
829a50b9-e831-4d14-acff-5fe454e6b7b6,"Keon Park Tennis Club","80 Hickford St (J.C. Donath Reserve), Reservoir VIC","80 Hickford St (J.C. Donath Reserve)","Reservoir","Melbourne","VIC","3073","AUS","Reservoir"
ebeb0881-50d2-4de8-8f6e-bb409d2c8529,"KGV Recreation Centre – Futsal","15 Cumberland St, The Rocks NSW 2000","15 Cumberland St","The Rocks","Sydney","NSW","2000","AUS","The Rocks"
95465e32-7e4d-495b-a2f7-65b0565143d9,"KGV Recreation Centre – Pickleball","15 Cumberland St, The Rocks NSW 2000","15 Cumberland St","The Rocks","Sydney","NSW","2000","AUS","The Rocks"
06cee560-5ed1-4700-9ab0-871044759200,"Kialla Park Old Students Tennis Club","Kialla Park Recreation Reserve, Reserve St, Kialla VIC 3631","Reserve St","Kialla","Kialla","VIC","3631","AUS","Kialla"
4bf224dd-e8b6-418b-b55b-436fe5e89c26,"Kialla Park Tennis Club","Kialla Park Recreation Reserve, Reserve St, Kialla VIC 3631","Reserve St","Kialla","Kialla","VIC","3631","AUS","Kialla"
ca449a41-6afc-4fea-bb81-87a31efdb46c,"KIKOFF Harbord (Brookvale)","187 Harbord Rd, Brookvale NSW 2100","187 Harbord Rd","Brookvale","Sydney","NSW","2100","AUS","Brookvale"
f0881716-1337-4ef4-9bc1-fa525a37fb6e,"KIKOFF Lakemba","576A Punchbowl Rd, Lakemba NSW 2195","576A Punchbowl Rd","Lakemba","Sydney","NSW","2195","AUS","Lakemba"
95baa2c4-ff77-4ff5-b60f-3e4c2fd48d56,"Killara Park Tennis Courts (KRG)","Rosebery Rd, Killara NSW 2071","Rosebery Rd","Killara","Sydney","NSW","2071","AUS","Killara"
7ba5b69a-bdb9-4dd4-bb36-7a524fcc5b12,"Kingsbury Tennis Club","1C Browning St (KW Joyce Reserve), Kingsbury VIC","1C Browning St (KW Joyce Reserve)","Kingsbury","Melbourne","VIC","3083","AUS","Kingsbury"
a1c220fa-aaa7-4312-8daa-26283a2179cf,"Kingston Beach Oval","Recreation St, Kingston TAS 7050","Recreation St","Kingston Beach","Kingston","TAS","7050","AUS","Kingston Beach"
9188f4b2-ae22-4049-b160-d447e687f31a,"Kingston Pickleball Centre","38/107 Wells Rd, Chelsea Heights VIC","38/107 Wells Rd","Chelsea Heights","Melbourne","VIC","3196","AUS","Chelsea Heights"
a77e02f4-636f-4f8d-9ec9-890e20dcf11c,"Kingston Tennis Club","Kingston View Dr, Kingston TAS 7051","Kingston View Dr","Kingston","Kingston","TAS","7050","AUS","Kingston"
46dfd6ce-878f-4727-9663-519b5ca1d475,"Knox Regional Football Centre","291 George St, Wantirna South VIC","291 George St","Wantirna South","Melbourne","VIC","3152","AUS","Wantirna South"
dfa1d5fd-bab9-48a7-9230-4a34242abfd5,"KTP Sports Centre (East Hills) – Tennis","Sutar Ave, East Hills NSW 2213","Sutar Ave","East Hills","Sydney","NSW","2213","AUS","East Hills"
fdd0d086-7db4-4d16-a53b-dbfddd8dafe0,"KTP Sports Centre (Panania) – Tennis","Marco Ave, Panania NSW 2213","Marco Ave","Panania","Sydney","NSW","2213","AUS","Panania"
2cdf9713-c0e4-4ddb-aed2-ce7c8039b4b6,"Lane Cove Tennis Club","Central Park, Kenneth St, Longueville NSW 2066","Kenneth St","Longueville","Sydney","NSW","2066","AUS","Longueville"
1bc2e10d-f922-4ac5-9c49-7bf64a084baa,"Lane Cove West Tennis Club","Lloyd Rees Dr, Lane Cove West NSW 2066","Lloyd Rees Dr","Lane Cove West","Sydney","NSW","2066","AUS","Lane Cove West"
ac88eda7-930f-40a0-9ce5-f0e27fed776c,"Latham Park Tennis Centre (South Coogee)","Henning Ave, South Coogee NSW 2034","Henning Ave","South Coogee","Sydney","NSW","2034","AUS","South Coogee"
169b16fe-e434-41e5-9bda-8bf7fd2c9baa,"Lawson Square Park Tennis Courts (Merrylands)","Price St, Merrylands NSW 2160","Price St","Merrylands","Sydney","NSW","2160","AUS","Merrylands"
cdf07ecd-9d75-467f-8b0e-0748ec4bdc60,"Level Up Pickleball","Westfield Knox (425 Burwood Hwy), Wantirna South VIC","Westfield Knox (425 Burwood Hwy)","Wantirna South","Melbourne","VIC","3152","AUS","Wantirna South"
8d4b6b98-ec29-4e19-a704-9954e2a1b31d,"Lightwood Park Complex (Grounds 1","2 & 3)","2 & 3)","Futuro Nogalar","San Nicolás de los Garza","NL","66484","MEX","Futuro Nogalar"
8d3511a3-c502-4b7a-a326-643228c3901d,"Lindfield Soldiers Memorial Park Courts (KRG)","79A Tryon Rd, Lindfield NSW 2070","79A Tryon Rd","East Lindfield","Sydney","NSW","2070","AUS","East Lindfield"
eeb3bb3c-1a86-4c60-9d70-d88b66ff8858,"Lindisfarne Memorial Tennis Club","End of Park Rd, Lindisfarne TAS 7015","End of Park Rd","Lindisfarne","Hobart","TAS","7015","AUS","Lindisfarne"
317e14d8-be69-4f6f-8b6e-d17ac34c0ed4,"Litis Stadium","41 Britannia Road, Leederville WA 6009","41 Britannia Road","Leederville","Perth","WA","6007","AUS","Leederville"
1b021c6b-1763-44e5-8422-7861303e9f93,"Logan Metro Sports & Events Centre","357 Browns Plains Rd, Crestmead QLD 4132","357 Browns Plains Rd","Crestmead","Brisbane","QLD","4132","AUS","Crestmead"
d26d6836-28c4-41db-95fe-882948c1c6b3,"Loton Park Tennis Club","Cnr Lord Street and Bulwer Street, Perth WA 6000","Cnr Lord Street and Bulwer Street","Perth","Perth","WA","6000","AUS","Perth"
2ba61907-6f47-41b3-951d-a5db7c8b4e06,"Majors Bay Reserve – Synthetic Fields (Concord)","Concord NSW 2137","Concord NSW 2137","Concord","Sydney","NSW","2137","AUS","Concord"
e6656b75-d7fa-4eaa-a00e-064f75d66788,"Malvern Tennis Centre","43A Union St, Armadale VIC 3143","43A Union St","Armadale","Melbourne","VIC","3143","AUS","Armadale"
b4c0f22e-da0e-41d7-ab36-ace7876bef2b,"Malvern Tennis Centre (Stonnington)","43A Union St, Armadale VIC 3143","43A Union St","Armadale","Melbourne","VIC","3143","AUS","Armadale"
fbe786ce-256a-4b11-8e7c-554767a6af7f,"Melbourne Park (National Tennis Centre)","Olympic Blvd (Entrance D), Melbourne VIC 3000","Olympic Blvd (Entrance D)","Melbourne","Melbourne","VIC","3004","AUS","Melbourne"
f07081b0-11ad-4007-9fa0-3273fe91fe9b,"Melbourne Sports & Aquatic Centre (MSAC) – Stadium Courts","30 Aughtie Dr, Albert Park VIC","30 Aughtie Dr","Albert Park","Melbourne","VIC","3206","AUS","Albert Park"
67143156-e645-468d-86c5-27aa8058fcdf,"Middle Head Tennis Court (Mosman)","1110 Middle Head Rd, Mosman NSW 2088","1110 Middle Head Rd","Mosman","Sydney","NSW","2088","AUS","Mosman"
c0b2ad65-af1a-45fa-8e31-88686b45df97,"Miller Park Tennis Club","Cnr Mountain Hwy & Liverpool Rd, Boronia VIC 3155","Cnr Mountain Hwy & Liverpool Rd","Boronia","Melbourne","VIC","3155","AUS","Boronia"
6c625a2a-26b7-4b07-a5a8-8b8083698f5d,"Miller Park Tennis Club (Lane Cove North)","38A Mowbray Rd, Lane Cove North NSW 2066","38A Mowbray Rd","Lane Cove North","Sydney","NSW","2066","AUS","Lane Cove North"
b8198b6f-2d2e-4188-b714-d7c7ce62a617,"Mona Vale Tennis Club","Kitchener Park, Pittwater Rd, Mona Vale NSW 2103","Pittwater Rd","Mona Vale","Sydney","NSW","2103","AUS","Mona Vale"
54198ca8-2892-4377-9cd9-cd6f42abb03f,"Moonah Sports Centre (NFSRA)","17 Gormanston Rd, Moonah TAS 7009","17 Gormanston Rd","Moonah","Hobart","TAS","7009","AUS","Moonah"
0224564f-f994-428b-be82-6863e3b2b797,"Morningside Tennis Centre","123 Beverley St, Morningside QLD 4170","123 Beverley St","Morningside","Brisbane","QLD","4170","AUS","Morningside"
90cdb238-e557-4aa6-a573-0b01eda67ade,"Morona Avenue Reserve Courts (KRG)","Morona Ave, Roseville NSW 2069","Morona Ave","Roseville","Sydney","NSW","2069","AUS","Roseville"
47d20dda-14e0-4ee3-856c-32effe310027,"Mosman Lawn Tennis Club","2 Sinclair St, Mosman NSW 2088","2 Sinclair St","Mosman","Sydney","NSW","2088","AUS","Mosman"
14e5483c-3b64-4330-9175-8978a25d93fb,"Neutral Bay Club – Tennis","3 Westleigh St, Neutral Bay NSW 2089","3 Westleigh St","Neutral Bay","Sydney","NSW","2089","AUS","Neutral Bay"
30427815-07b8-4cf2-89c4-4d31301ba666,"New Farm Park Tennis Courts","1042 Brunswick St, New Farm QLD 4005","1042 Brunswick St","New Farm","Brisbane","QLD","4005","AUS","New Farm"
77d6e0f0-3499-4fbf-8f7e-e207aecef9fd,"Newport Community Centre (Tennis)","11–13 The Boulevarde, Newport NSW 2106","11–13 The Boulevarde","Newport","Sydney","NSW","2106","AUS","Newport"
05674e4c-0d60-4a9a-bba3-5db7d4f786c9,"Northcote Tennis Courts (McDonell Park)","180 Victoria Rd, Northcote VIC","180 Victoria Rd","Northcote","Melbourne","VIC","3070","AUS","Northcote"
8d754d8e-9339-4e9d-aac4-37c69baec83d,"Oakleigh Tennis Club (Caloola Reserve)","Caloola Reserve, 85 Atkinson St, Oakleigh VIC 3166","85 Atkinson St","Oakleigh","Melbourne","VIC","3166","AUS","Oakleigh"
f4f2b5fe-af87-47e4-994a-f3807666eb10,"Oakleigh Tennis Club (Caloola)","Park Rd, Oakleigh VIC 3166","Park Rd","Oakleigh","Melbourne","VIC","3166","AUS","Oakleigh"
a8bbf7ae-fa19-4cfd-9b69-b8e60cdef0d2,"Padel Brisbane","200 Settlement Rd, The Gap QLD 4061","200 Settlement Rd","The Gap","Brisbane","QLD","4061","AUS","The Gap"
6f916076-8b44-4a73-b766-095bec28e4cd,"Peakhurst Park Synthetic (Georges River)","Peakhurst NSW 2210","Peakhurst NSW 2210","Peakhurst","Sydney","NSW","2210","AUS","Peakhurst"
a08ea2d7-f0f0-44a9-92a4-a5c24437fbe0,"Pickleball Palace","2 Attercliffe Ave, Pascoe Vale VIC","2 Attercliffe Ave","Pascoe Vale","Melbourne","VIC","3044","AUS","Pascoe Vale"
29a360d4-7d8d-4e18-afd0-3673ab9e6f74,"PicklePlay (Bentleigh East)","1 South Drive (Kingston Centre), Bentleigh East VIC","1 South Drive (Kingston Centre)","Bentleigh East","Melbourne","VIC","3165","AUS","Bentleigh East"
12afc5d2-9eb5-43b6-84bb-365e2e7819d2,"Powlett Reserve Tennis Centre","Cnr Albert St & Simpson St, East Melbourne VIC 3002","Cnr Albert St & Simpson St","East Melbourne","Melbourne","VIC","3002","AUS","East Melbourne"
405ef66f-0682-42dd-aa02-db84b4b7f67b,"Prince Alfred Park – City Community Tennis","105 Chalmers St, Surry Hills NSW 2010","105 Chalmers St","Surry Hills","Sydney","NSW","2010","AUS","Surry Hills"
65568f15-f7f3-4137-8ed6-820b626ae18d,"Princes Gardens Tennis Courts","8 Little Chapel St, Prahran VIC 3181","8 Little Chapel St","Prahran","Melbourne","VIC","3181","AUS","Prahran"
16d73456-ba64-4fa3-b088-bb6666316c2f,"Princes Gardens Tennis Courts (Prahran)","8 Little Chapel St, Prahran VIC 3181","8 Little Chapel St","Prahran","Melbourne","VIC","3181","AUS","Prahran"
0752f23c-e77b-4328-bb0f-ff7abe8f5452,"Princes Hill Tennis Club","208 Macpherson St (Princes Park), Carlton North VIC","208 Macpherson St (Princes Park)","Princes Hill","Melbourne","VIC","3054","AUS","Princes Hill"
89f45ee7-0258-42a1-b40b-da2cfe95f0a8,"Queensland Tennis Centre","190 King Arthur Tce, Tennyson QLD 4105","190 King Arthur Tce","Tennyson","Brisbane","QLD","4105","AUS","Tennyson"
90bac1df-5098-4ee4-a510-1011555ad782,"QUT Indoor Sports Court (Kelvin Grove)","Level 2, 44 Musk Avenue (U Block), Kelvin Grove QLD 4059","44 Musk Avenue (U Block)","Kelvin Grove","Brisbane","QLD","4059","AUS","Kelvin Grove"
1d944e7f-46e3-40b0-89ca-a069ea2430c3,"Rebound Stadium","23 Foster St, Newmarket QLD 4051","23 Foster St","Newmarket","Brisbane","QLD","4051","AUS","Newmarket"
f6a4e55d-bc8c-40ef-9564-c7bde94d4d02,"Regent Tennis Club","2A Clyde St (GE Robinson Reserve), Reservoir VIC","2A Clyde St (GE Robinson Reserve)","Reservoir","Melbourne","VIC","3073","AUS","Reservoir"
e611a0af-6d01-4d9e-9f2b-acbc2cb2a0e7,"Robert Pymble Park Courts (KRG)","4 Myrtle St, Pymble NSW 2073","4 Myrtle St","St Ives","Sydney","NSW","2075","AUS","St Ives"
9703b3e1-a215-489a-a636-75dcc4478f48,"Roseville Lawn Tennis Club","7A Clanville Rd, Roseville NSW 2069","7A Clanville Rd","Roseville","Sydney","NSW","2069","AUS","Roseville"
cda847af-78a8-4245-ad94-eb76262ab62e,"Roseville Park – Clanville Rd Courts (KRG)","60A Clanville Rd, Roseville NSW 2069","60A Clanville Rd","Roseville","Sydney","NSW","2069","AUS","Roseville"
46c9ff8b-93b9-4f28-8ba8-9042fc078a87,"Rosny Park Tennis Club","18 Bastick St, Rosny Park TAS 7018","18 Bastick St","Rosny Park","Hobart","TAS","7018","AUS","Rosny Park"
1a1f9102-5ab0-431f-96df-cff17e280d2e,"Roy Emerson Tennis Centre","315 Milton Rd, Milton QLD 4064","315 Milton Rd","Milton","Brisbane","QLD","4064","AUS","Milton"
75510a8b-3af0-4925-bbf1-f83abd279d67,"Royal Park Tennis Club","Cnr The Avenue & Park St, Parkville VIC 3052","Cnr The Avenue & Park St","Parkville","Melbourne","VIC","3052","AUS","Parkville"
1ed744a6-d49e-4170-a05b-8d4987b59c42,"Royal Park Tennis Club","333 The Avenue (cnr Park St), Parkville VIC 3052","333 The Avenue (cnr Park St)","Parkville","Melbourne","VIC","3052","AUS","Parkville"
30702eae-f40b-48bd-a56f-5842a024fe9f,"Royal Pickle (Carrum Downs)","16/684–700 Frankston–Dandenong Rd, Carrum Downs VIC","16/684–700 Frankston–Dandenong Rd","Carrum Downs","Melbourne","VIC","3201","AUS","Carrum Downs"
5d73973c-dbee-485d-a84e-7ebb499b6bd0,"Royal Rehab Ryde – Sports Courts","235 Morrison Rd, Ryde NSW 2112","235 Morrison Rd","Ryde","Sydney","NSW","2112","AUS","Ryde"
c4cfecf6-f117-4e48-943b-9d801c2173b4,"Rushcutters Bay Park Tennis Courts","Waratah Ave, Rushcutters Bay NSW 2011","Waratah Ave","Darlinghurst","Sydney","NSW","2010","AUS","Darlinghurst"
52b7fb74-b407-4c20-8940-c1e28f8e6d45,"Ryde Indoor Sports Centre – Pickleball","913 Victoria Rd, West Ryde NSW 2114","913 Victoria Rd","West Ryde","Sydney","NSW","2114","AUS","West Ryde"
17f95d20-0f68-4cc7-b75f-93735fc74ec4,"Ryde Tennis Centre","Corner Karen Moras Dr, Potts & Weaver Sts, Ryde NSW 2112","Potts & Weaver Sts","Ryde","Sydney","NSW","2112","AUS","Ryde"
b6477bb5-cfb8-4fed-aa4c-716a40ed7a05,"Sandgate Tennis Centre","83 Board St, Deagon QLD 4017","83 Board St","Deagon","Brisbane","QLD","4017","AUS","Deagon"
a076ae16-1022-48c2-a24f-d99cedded200,"Scarborough Park Sports Centre – Pickleball","7 Hawthorne St, Ramsgate Beach NSW 2217","7 Hawthorne St","Ramsgate Beach","Sydney","NSW","2217","AUS","Ramsgate Beach"
7f31f8bb-44c4-4577-b648-8c5e707758c9,"Shaw Park Tennis Centre","128 Shaw Rd, Wooloowin QLD 4030","128 Shaw Rd","Kalinga","Brisbane","QLD","4030","AUS","Kalinga"
c48b0c8b-5071-46da-84fc-2e1405c10999,"Sherburd Oval","1 Brightwater Rd, Blackmans Bay TAS 7052","1 Brightwater Rd","Blackmans Bay","Blackmans Bay","TAS","7052","AUS","Blackmans Bay"
366f290d-0e04-40ba-8c23-0bd67d6a74e0,"South Hobart Oval","6 Washington St, South Hobart TAS 7004","6 Washington St","South Hobart","Hobart","TAS","7004","AUS","South Hobart"
8166af38-61d5-4e5c-b787-af8bf8b2343d,"South Perth Tennis Centre","107 Murray Street, Como WA 6152","107 Murray Street","Como","Perth","WA","6152","AUS","Como"
4a0d4504-ebbc-45d9-aa87-4ff9b4176308,"South Pine Indoor Sports Centre (Brendale)","620 South Pine Rd, Brendale QLD 4500","620 South Pine Rd","Eatons Hill","Brisbane","QLD","4037","AUS","Eatons Hill"
c801b3e7-b0c4-409b-85fd-814b26a840b9,"Sports Parc (Alexandria) – Pickleball","75 O’Riordan St, Alexandria NSW 2015","75 O’Riordan St","Alexandria","Sydney","NSW","2015","AUS","Alexandria"
4fcf5494-9faf-410a-9373-01e5f38ae5cb,"Spring Hill Tennis Centre","400 Gregory Terrace, Spring Hill QLD 4000","400 Gregory Terrace","Spring Hill","Brisbane","QLD","4000","AUS","Spring Hill"
7daaec82-0b87-4612-81e9-2223f17894cc,"Springvale Indoor Sports Centre","546 Springvale Rd, Springvale VIC","546 Springvale Rd","Springvale South","Melbourne","VIC","3172","AUS","Springvale South"
a8dca275-39c3-4465-b041-7ccb9a643225,"St Albans East Tennis Club","Corner Main Rd East & Percy St (Errington Reserve), St Albans VIC","St Albans","St Albans","Melbourne","VIC","3021","AUS","St Albans"
0510eef2-e842-466f-a913-e634c2637663,"St Ives Village Green Courts (KRG)","Memorial Ave, St Ives NSW 2075","Memorial Ave","St Ives","Sydney","NSW","2075","AUS","St Ives"
6abcadb6-8193-4fb2-b577-f58fa6a41047,"St Mary's Tennis Club (Geelong)","Thomson Recreation Reserve, Godfrey St, Thomson VIC 3219","Godfrey St","Thomson","Geelong","VIC","3219","AUS","Thomson"
85db6065-3926-4174-a29e-7c9295da23e4,"St Mary’s Tennis Club (Geelong)","18-20 Little Myers St, Geelong VIC 3220","18-20 Little Myers St","Geelong","Geelong","VIC","3220","AUS","Geelong"
3be99320-6ca9-4b8b-a1aa-1eb649f20609,"State Tennis Centre","282 Victoria Park Drive, Burswood WA 6100","282 Victoria Park Drive","Burswood","Perth","WA","6100","AUS","Burswood"
b398d6d0-3270-471f-ab7f-9de0bc86ca27,"Strathfield Sports Club Tennis","11 Florence Street, Strathfield NSW 2135","Strathfield","Strathfield","Sydney","NSW","2135","AUS","Strathfield"
a3a883d6-ceee-49b4-986d-44cd11a7050d,"Sunshine Tennis Club (Howrah)","11A Howrah Rd, Howrah TAS 7018","11A Howrah Rd","Howrah","Hobart","TAS","7018","AUS","Howrah"
a2ce9350-f5b1-43d5-9307-13a61e5f31ab,"Super Futsal (Acacia Ridge)","1391 Beaudesert Rd, Acacia Ridge QLD 4110","1391 Beaudesert Rd","Acacia Ridge","Brisbane","QLD","4110","AUS","Acacia Ridge"
64339bcc-0d56-410d-b1e9-7ff0e9fd2bfb,"Super Futsal (Carina)","150 Fursden Rd, Carina QLD 4152","150 Fursden Rd","Carina","Brisbane","QLD","4152","AUS","Carina"
4b064b45-3e40-442b-b085-990a946ebdb9,"Swing & Serve","906 Plenty Rd (Bundoora Park), Bundoora VIC","906 Plenty Rd (Bundoora Park)","Bundoora","Melbourne","VIC","3083","AUS","Bundoora"
7682b738-a032-4b0d-b91e-ac16005cf02f,"Sydney Football Centre (Olympic Park)","Sydney Olympic Park NSW 2127","Sydney Olympic Park NSW 2127","Sydney Olympic Park","Sydney","NSW","2127","AUS","Sydney Olympic Park"
dc2171a1-0a82-4cf2-af08-56c07c835d84,"Sydney Olympic Park Sports Halls","Olympic Blvd, Sydney Olympic Park NSW 2127","Olympic Blvd","Sydney Olympic Park","Sydney","NSW","2127","AUS","Sydney Olympic Park"
f29e91ea-8e6f-4460-bf73-f143c8bd7503,"Sydney Racquet Club (Moore Park / EQ)","17 Park Rd North, Moore Park NSW 2021","17 Park Rd North","Moore Park","Sydney","NSW","2021","AUS","Moore Park"
48f144e7-039c-4fc5-b173-667e4a623997,"Sydney Uni Sport – Tennis Courts","Darlington Rd, Darlington NSW 2008","Darlington Rd","Darlington","Sydney","NSW","2008","AUS","Darlington"
81a009b7-2071-4aac-8630-d3e062036984,"Tauranga Bridge Club","252 Ngatai Road, Otūmoetai","252 Ngatai Road","Otumoetai","Tauranga","Bay of Plenty","3110","NZL","Otumoetai"
99026518-a0aa-4fb8-a66a-c7bff5dd1b26,"Tennis World Melbourne Park (National Tennis Centre)","National Tennis Centre (Level 2), Entrance D, Olympic Blvd, Richmond VIC 3001","Olympic Blvd","Melbourne","Melbourne","VIC","3004","AUS","Melbourne"
e9bbd789-5987-4032-bcda-56f45b37f5ae,"Tennis World North Ryde (Ryde Multisport & Racquet Centre)","16-18 Epping Rd, North Ryde NSW 2113","16-18 Epping Rd","North Ryde","Sydney","NSW","2113","AUS","North Ryde"
36a889e1-7b69-45c8-9cf2-ded3932253bb,"Tennis World North Sydney","37 Ridge St, North Sydney NSW 2060","37 Ridge St","North Sydney","Sydney","NSW","2060","AUS","North Sydney"
afb00956-ae8a-458e-bc05-90da76a928e0,"Tennis World Sydney Olympic Park","2 Rod Laver Dr, Sydney Olympic Park NSW 2127","2 Rod Laver Dr","Sydney Olympic Park","Sydney","NSW","2127","AUS","Sydney Olympic Park"
7d134708-cb39-4161-803f-c82cb989cb3a,"The Gap Tennis Club","200 Settlement Rd, The Gap QLD 4061","200 Settlement Rd","The Gap","Brisbane","QLD","4061","AUS","The Gap"
c6002fb5-f86a-4097-9467-73b4cc0c8479,"The Glade Reserve Tennis Courts (KRG)","Glade Ave, Wahroonga NSW 2076","Glade Ave","Wahroonga","Sydney","NSW","2076","AUS","Wahroonga"
f51c8913-34cf-4f08-ae81-9f08e8e9427f,"The Jar – South Melbourne","29 White St, South Melbourne VIC","29 White St","South Melbourne","Melbourne","VIC","3205","AUS","South Melbourne"
4cc7e018-fe65-4161-8605-231cc81a9c63,"The Willis Recreation & Sports Centre – Pickleball","325A Eastern Valley Way, Chatswood NSW 2067","325A Eastern Valley Way","Middle Cove","Sydney","NSW","2068","AUS","Middle Cove"
eca7f47e-c626-4277-9871-95575cc23d08,"Ultimate Soccer (Fairfield)","46–48 Smithfield Rd, Prairiewood NSW 2176","46–48 Smithfield Rd","Smithfield","Sydney","NSW","2164","AUS","Smithfield"
2c190bc3-03e4-4f26-90bf-c7e1701ec8cf,"Ultimo Community Centre","40 William Henry St, Ultimo NSW 2007","40 William Henry St","Ultimo","Sydney","NSW","2007","AUS","Ultimo"
f4157808-9fe1-4512-a972-b59b75cc3ea6,"UNSW Village Green (Kensington)","High St, Kensington NSW 2052","High St","Kensington","Sydney","NSW","2033","AUS","Kensington"
77503217-8692-4949-a2f5-2d6d43adf4cf,"UQ Sport Tennis Centre","The University of Queensland, Blair Dr, St Lucia QLD 4067","Blair Dr","St Lucia","Brisbane","QLD","4067","AUS","St Lucia"
3bfc20d3-8106-4abe-a69b-d91a45d25088,"UTAS Unigym (Sandy Bay) – Sports Hall","Dobson Rd, Sandy Bay TAS 7005","Dobson Rd","Sandy Bay","Hobart","TAS","7005","AUS","Sandy Bay"
e49f6c78-7099-431b-9696-983d779dfd52,"UWA Recreation and Fitness Centre","35 Stirling Highway, Perth WA 6009","35 Stirling Highway","Nedlands","Perth","WA","6009","AUS","Nedlands"
ec7b095b-2c3a-4bb1-b5ed-03f6c486a797,"Valentine Sports Park (Glenwood)","235–257 Meurants Ln, Glenwood NSW 2768","235–257 Meurants Ln","Glenwood","Sydney","NSW","2768","AUS","Glenwood"
dfa79092-add3-405d-9bda-59e32021b848,"Virginia United FC (Field Hire)","574 Nudgee Rd, Nundah QLD 4012","574 Nudgee Rd","Nundah","Brisbane","QLD","4012","AUS","Nundah"
6f7a214b-0803-47a4-b9fd-2137a4a594be,"Wakehurst – Pickleball (Seaforth)","Upper Clontarf St, Seaforth NSW 2092","Upper Clontarf St","Seaforth","Sydney","NSW","2092","AUS","Seaforth"
b0850ba8-1fd4-4d04-b7b6-942579240838,"Wakehurst Tennis (Seaforth)","Upper Clontarf St, Seaforth NSW 2092","Upper Clontarf St","Seaforth","Sydney","NSW","2092","AUS","Seaforth"
41e20646-003e-430b-91e0-32c81f30416e,"Wanderers Fives (Rooty Hill)","55 Francis Rd, Rooty Hill NSW 2766","55 Francis Rd","Rooty Hill","Sydney","NSW","2766","AUS","Rooty Hill"
73b72a5d-d965-41c0-9dc1-86e64b8a0467,"Warrimoo Oval Courts (KRG)","Warrimoo Ave, St Ives NSW 2075","Warrimoo Ave","St Ives","Sydney","NSW","2075","AUS","St Ives"
cc01ef65-851d-45a2-834b-165aaaf3d163,"Wentworth Park Sportsgrounds","Clarence St, Howrah TAS 7018","Clarence St","Howrah","Hobart","TAS","7018","AUS","Howrah"
bba494a1-6c61-4ef9-96b4-0b866e0dd00e,"West End Tennis Club","39 Vulture St, West End QLD 4101","39 Vulture St","West End","Brisbane","QLD","4101","AUS","West End"
8990d346-6341-4527-ac19-bc2ac630c92e,"West Epping Park (Tennis & Pickleball)","15X Dent St, Epping NSW 2121","15X Dent St","Epping","Sydney","NSW","2121","AUS","Epping"
87a627ac-42ef-4fc0-a4a4-55e1560d8ba2,"Westgate Indoor Sports","Cnr Grieve Pde & Dohertys Rd, Altona North VIC","Cnr Grieve Pde & Dohertys Rd","Altona North","Melbourne","VIC","3025","AUS","Altona North"
e872e938-a7e8-4e7b-b3c7-4e9438af4140,"Whaleback Tennis & Pickleball Courts","Whaleback Avenue, Parkwood WA","Whaleback Avenue","Parkwood","Perth","WA","6147","AUS","Parkwood"
14fd69d7-897c-4a82-bea1-fcc0886336bd,"Willoughby Leisure Centre – Pickleball","2–4 Small St, Willoughby NSW 2068","2–4 Small St","Willoughby","Sydney","NSW","2068","AUS","Willoughby"
9de7afa4-2f42-4c2a-aad0-f9cd4a96bfc8,"Wodonga Tennis Centre","Dalgleish St, Wodonga VIC 3690","Dalgleish St","Wodonga","Wodonga","VIC","3690","AUS","Wodonga"
52f8a399-891b-4e80-b3aa-df8e60b40cc2,"Wynnum Tennis Centre","Colina St, Wynnum QLD 4178","Colina St","Wynnum","Brisbane","QLD","4178","AUS","Wynnum"
4725dabc-f633-4b66-b976-04f6bcd1e8e1,"York Tennis Courts","22 Barker Street, York WA","22 Barker Street","York","York","WA","6302","AUS","York"